"STATION","NAME","LATITUDE","LONGITUDE","ELEVATION","DATE","AWND","AWND_ATTRIBUTES","PGTM","PGTM_ATTRIBUTES","PRCP","PRCP_ATTRIBUTES","SNOW","SNOW_ATTRIBUTES","SNWD","SNWD_ATTRIBUTES","TAVG","TAVG_ATTRIBUTES","TMAX","TMAX_ATTRIBUTES","TMIN","TMIN_ATTRIBUTES","WDF2","WDF2_ATTRIBUTES","WDF5","WDF5_ATTRIBUTES","WSF2","WSF2_ATTRIBUTES","WSF5","WSF5_ATTRIBUTES","WT01","WT01_ATTRIBUTES","WT02","WT02_ATTRIBUTES","WT03","WT03_ATTRIBUTES","WT04","WT04_ATTRIBUTES","WT05","WT05_ATTRIBUTES","WT06","WT06_ATTRIBUTES","WT08","WT08_ATTRIBUTES","WT09","WT09_ATTRIBUTES"
"USW00014739","BOSTON, MA US","42.3606","-71.0097","3.7","2019-01-01","7.1",",,W",,,"9.7",",,W,2400","0.0",",,W",,,"8.4","H,,S","15.0",",,W","1.1",",,W","  290",",,W","  290",",,W","15.7",",,W","21.0",",,W","    1",",,W",,,,,,,,,,,,,,
"USW00014739","BOSTON, MA US","42.3606","-71.0097","3.7","2019-01-02","4.2",",,W",,,"0.0",",,W,2400","0.0",",,W",,,"0.8","H,,S","2.8",",,W","-2.1",",,W","  310",",,W","  330",",,W","8.1",",,W","10.3",",,W",,,,,,,,,,,,,,,,
"USW00014739","BOSTON, MA US","42.3606","-71.0097","3.7","2019-01-03","4.7",",,W",,,"0.5",",,W,2400","0.0","T,,W",,,"3.1","H,,S","7.8",",,W","0.0",",,W","  320",",,W","  320",",,W","8.9",",,W","12.1",",,W",,,,,,,,,,,,,,,,
"USW00014739","BOSTON, MA US","42.3606","-71.0097","3.7","2019-01-04","5.0",",,W",,,"0.0",",,W,2400","0.0",",,W",,,"4.6","H,,S","8.9",",,W","1.1",",,W","  230",",,W","  220",",,W","10.7",",,W","13.4",",,W",,,,,,,,,,,,,,,,
"USW00014739","BOSTON, MA US","42.3606","-71.0097","3.7","2019-01-05","4.1",",,W",,,"13.5",",,W,2400","0.0",",,W",,,"5.0","H,,S","6.1",",,W","3.3",",,W","  360",",,W","  360",",,W","8.1",",,W","9.8",",,W","    1",",,W",,,,,,,,,,,,,,
"USW00014739","BOSTON, MA US","42.3606","-71.0097","3.7","2019-01-06","6.4",",,W",,,"0.0",",,W,2400","0.0",",,W",,,"4.2","H,,S","8.3",",,W","-3.8",",,W","  310",",,W","  310",",,W","13.4",",,W","18.3",",,W",,,,,,,,,,,,,,,,
"USW00014739","BOSTON, MA US","42.3606","-71.0097","3.7","2019-01-07","5.2",",,W",,,"0.0",",,W,2400","0.0",",,W",,,"-3.3","H,,S","-0.5",",,W","-7.1",",,W","  320",",,W","  310",",,W","13.0",",,W","17.4",",,W",,,,,,,,,,,,,,,,
"USW00014739","BOSTON, MA US","42.3606","-71.0097","3.7","2019-01-08","3.4",",,W",,,"0.5",",,W,2400","0.0","T,,W",,,"1.2","H,,S","6.1",",,W","-1.0",",,W","  160",",,W","  160",",,W","7.6",",,W","9.4",",,W","    1",",,W","    1",",,W",,,,,,,,,"    1",",,W",,
"USW00014739","BOSTON, MA US","42.3606","-71.0097","3.7","2019-01-09","7.0",",,W",,,"3.3",",,W,2400","0.0",",,W",,,"4.4","H,,S","7.8",",,W","1.7",",,W","  270",",,W","  270",",,W","13.0",",,W","17.9",",,W","    1",",,W",,,,,,,,,,,,,,
"USW00014739","BOSTON, MA US","42.3606","-71.0097","3.7","2019-01-10","7.2",",,W",,,"0.0","T,,W,2400","0.0","T,,W",,,"2.1","H,,S","2.8",",,W","-3.2",",,W","  290",",,W","  330",",,W","11.2",",,W","15.7",",,W",,,,,,,,,,,,,,,,
"USW00014739","BOSTON, MA US","42.3606","-71.0097","3.7","2019-01-11","8.1",",,W",,,"0.0",",,W,2400","0.0",",,W",,,"-2.9","H,,S","-1.0",",,W","-8.2",",,W","  320",",,W","  310",",,W","12.5",",,W","15.7",",,W",,,,,,,,,,,,,,,,
"USW00014739","BOSTON, MA US","42.3606","-71.0097","3.7","2019-01-12","6.6",",,W",,,"0.0",",,W,2400","0.0",",,W",,,"-6.4","H,,S","-1.6",",,W","-9.3",",,W","  290",",,W","  290",",,W","10.7",",,W","14.3",",,W",,,,,,,,,,,,,,,,
"USW00014739","BOSTON, MA US","42.3606","-71.0097","3.7","2019-01-13","3.7",",,W",,,"0.0",",,W,2400","0.0",",,W",,,"-5.7","H,,S","-1.6",",,W","-8.8",",,W","  320",",,W","  310",",,W","7.2",",,W","8.9",",,W",,,,,,,,,,,,,,,,
"USW00014739","BOSTON, MA US","42.3606","-71.0097","3.7","2019-01-14","3.9",",,W",,,"0.0","T,,W,2400","0.0","T,,W",,,"-3.1","H,,S","-0.5",",,W","-4.9",",,W","  360",",,W","  360",",,W","7.2",",,W","8.5",",,W",,,,,,,,,,,,,,,,
"USW00014739","BOSTON, MA US","42.3606","-71.0097","3.7","2019-01-15","3.3",",,W",,,"0.0",",,W,2400","0.0",",,W",,,"-1.2","H,,S","3.9",",,W","-4.3",",,W","  320",",,W","  320",",,W","6.7",",,W","8.9",",,W",,,,,,,,,,,,,,,,
"USW00014739","BOSTON, MA US","42.3606","-71.0097","3.7","2019-01-16","5.2",",,W",,,"0.0",",,W,2400","0.0",",,W",,,"-0.1","H,,S","5.0",",,W","-3.8",",,W","  240",",,W","  290",",,W","8.9",",,W","13.0",",,W",,,,,,,,,,,,,,,,
"USW00014739","BOSTON, MA US","42.3606","-71.0097","3.7","2019-01-17","4.3",",,W",,,"0.0",",,W,2400","0.0",",,W",,,"-2.7","H,,S","0.6",",,W","-7.7",",,W","  330",",,W","  330",",,W","8.9",",,W","11.6",",,W",,,,,,,,,,,,,,,,
"USW00014739","BOSTON, MA US","42.3606","-71.0097","3.7","2019-01-18","3.0",",,W",,,"0.0",",,W,2400","0.0",",,W",,,"0.2","H,,S","6.1",",,W","-2.7",",,W","  240",",,W","  230",",,W","6.7",",,W","8.9",",,W",,,,,,,,,,,,,,,,
"USW00014739","BOSTON, MA US","42.3606","-71.0097","3.7","2019-01-19","5.4",",,W",,,"3.3",",,W,2400","13.0",",,W",,,"0.4","H,,S","2.8",",,W","-2.1",",,W","   80",",,W","   80",",,W","11.2",",,W","13.4",",,W","    1",",,W",,,,,,,,,"    1",",,W",,,,
"USW00014739","BOSTON, MA US","42.3606","-71.0097","3.7","2019-01-20","8.0",",,W",,,"30.5",",,W,2400","28.0",",,W",,,"-1.3","H,,S","2.8",",,W","-12.1",",,W","   70",",,W","  300",",,W","14.3",",,W","18.3",",,W","    1",",,W",,,,,"    1",",,W",,,"    1",",,W","    1",",,W",,
"USW00014739","BOSTON, MA US","42.3606","-71.0097","3.7","2019-01-21","9.0",",,W",,,"0.0","T,,W,2400","0.0","T,,W",,,"-12.6","H,,S","-12.1",",,W","-14.9",",,W","  290",",,W","  320",",,W","13.0",",,W","18.3",",,W",,,,,,,,,,,,,"    1",",,W","    1",",,W"
"USW00014739","BOSTON, MA US","42.3606","-71.0097","3.7","2019-01-22","6.3",",,W",,,"0.0",",,W,2400","0.0",",,W",,,"-9.8","H,,S","-2.1",",,W","-13.8",",,W","  290",",,W","  290",",,W","11.6",",,W","16.5",",,W",,,,,,,,,,,,,,,,
"USW00014739","BOSTON, MA US","42.3606","-71.0097","3.7","2019-01-23","6.1",",,W",,,"0.0","T,,W,2400","0.0",",,W",,,"-1.4","H,,S","8.9",",,W","-6.6",",,W","  220",",,W","  230",",,W","10.7",",,W","13.4",",,W",,,,,,,,,,,,,,,,
"USW00014739","BOSTON, MA US","42.3606","-71.0097","3.7","2019-01-24","10.6",",,W",,,"25.4",",,W,2400","0.0",",,W",,,"11.1","H,,S","15.0",",,W","2.8",",,W","  180",",,W","  190",",,W","17.4",",,W","23.7",",,W","    1",",,W",,,,,,,,,,,"    1",",,W",,
"USW00014739","BOSTON, MA US","42.3606","-71.0097","3.7","2019-01-25","6.1",",,W",,,"0.0",",,W,2400","0.0",",,W",,,"3.9","H,,S","5.6",",,W","-1.6",",,W","  280",",,W","  270",",,W","11.2",",,W","14.3",",,W",,,,,,,,,,,,,,,,
"USW00014739","BOSTON, MA US","42.3606","-71.0097","3.7","2019-01-26","3.8",",,W",,,"0.0",",,W,2400","0.0",",,W",,,"-0.9","H,,S","2.2",",,W","-3.8",",,W","  220",",,W","  230",",,W","7.6",",,W","9.4",",,W",,,,,,,,,,,,,,,,
"USW00014739","BOSTON, MA US","42.3606","-71.0097","3.7","2019-01-27","5.9",",,W",,,"0.0",",,W,2400","0.0",",,W",,,"1.7","H,,S","8.3",",,W","-2.7",",,W","  190",",,W","  190",",,W","11.6",",,W","14.8",",,W",,,,,,,,,,,,,,,,
"USW00014739","BOSTON, MA US","42.3606","-71.0097","3.7","2019-01-28","4.5",",,W",,,"0.0",",,W,2400","0.0",",,W",,,"1.1","H,,S","5.6",",,W","-4.3",",,W","  320",",,W","  320",",,W","8.1",",,W","10.7",",,W",,,,,,,,,,,,,,,,
"USW00014739","BOSTON, MA US","42.3606","-71.0097","3.7","2019-01-29","5.6",",,W",,,"1.3",",,W,2400","0.0","T,,W",,,"-2.4","H,,S","3.3",",,W","-6.6",",,W","  120",",,W","  120",",,W","8.9",",,W","10.3",",,W","    1",",,W",,,,,"    1",",,W",,,,,,,,
"USW00014739","BOSTON, MA US","42.3606","-71.0097","3.7","2019-01-30","7.1",",,W",,,"4.1",",,W,2400","13.0",",,W",,,"0.7","H,,S","3.9",",,W","-12.7",",,W","  270",",,W","  270",",,W","14.8",",,W","19.7",",,W","    1",",,W","    1",",,W",,,,,,,,,,,"    1",",,W"
"USW00014739","BOSTON, MA US","42.3606","-71.0097","3.7","2019-01-31","7.7",",,W",,,"0.0",",,W,2400","0.0",",,W",,,"-10.9","H,,S","-7.7",",,W","-14.9",",,W","  260",",,W","  280",",,W","11.2",",,W","16.1",",,W",,,,,,,,,,,,,,,,
"USW00014739","BOSTON, MA US","42.3606","-71.0097","3.7","2019-02-01","5.9",",,W",,,"0.0",",,W,2400","0.0",",,W",,,"-8.9","H,,S","-4.9",",,W","-12.1",",,W","  260",",,W","  250",",,W","9.8",",,W","13.0",",,W",,,,,,,,,,,,,,,,
"USW00014739","BOSTON, MA US","42.3606","-71.0097","3.7","2019-02-02","5.7",",,W",,,"0.0",",,W,2400","0.0",",,W",,,"-5.5","H,,S","1.7",",,W","-9.9",",,W","  220",",,W","  250",",,W","11.2",",,W","14.3",",,W",,,,,,,,,,,,,,,,
"USW00014739","BOSTON, MA US","42.3606","-71.0097","3.7","2019-02-03","2.8",",,W",,,"0.0",",,W,2400","0.0",",,W",,,"1.0","H,,S","3.9",",,W","-2.7",",,W","  200",",,W","  210",",,W","6.3",",,W","8.1",",,W","    1",",,W",,,,,,,,,,,"    1",",,W",,
"USW00014739","BOSTON, MA US","42.3606","-71.0097","3.7","2019-02-04","4.2",",,W",,,"0.0",",,W,2400","0.0",",,W",,,"7.1","H,,S","17.2",",,W","1.7",",,W","  220",",,W","  210",",,W","7.2",",,W","9.8",",,W","    1",",,W",,,,,,,,,,,"    1",",,W",,
"USW00014739","BOSTON, MA US","42.3606","-71.0097","3.7","2019-02-05","5.4",",,W",,,"0.0","T,,W,2400","0.0",",,W",,,"10.7","H,,S","18.3",",,W","4.4",",,W","  290",",,W","  280",",,W","8.9",",,W","12.5",",,W",,,,,,,,,,,,,,,,
"USW00014739","BOSTON, MA US","42.3606","-71.0097","3.7","2019-02-06","4.5",",,W",,,"9.4",",,W,2400","0.0",",,W",,,"4.2","H,,S","6.7",",,W","0.6",",,W","  320",",,W","  330",",,W","7.2",",,W","9.4",",,W","    1",",,W",,,,,,,,,,,,,,
"USW00014739","BOSTON, MA US","42.3606","-71.0097","3.7","2019-02-07","4.3",",,W",,,"5.3",",,W,2400","0.0",",,W",,,"3.3","H,,S","5.6",",,W","1.7",",,W","   50",",,W","   40",",,W","8.1",",,W","10.3",",,W","    1",",,W",,,,,,,,,,,"    1",",,W",,
"USW00014739","BOSTON, MA US","42.3606","-71.0097","3.7","2019-02-08","5.9",",,W",,,"1.8",",,W,2400","0.0",",,W",,,"6.1","H,,S","13.9",",,W","-0.5",",,W","  280",",,W","  270",",,W","14.8",",,W","19.7",",,W","    1",",,W",,,,,,,,,,,,,,
"USW00014739","BOSTON, MA US","42.3606","-71.0097","3.7","2019-02-09","8.8",",,W",,,"0.0",",,W,2400","0.0",",,W",,,"-0.4","H,,S","2.2",",,W","-3.8",",,W","  300",",,W","  280",",,W","13.9",",,W","19.2",",,W",,,,,,,,,,,,,,,,
"USW00014739","BOSTON, MA US","42.3606","-71.0097","3.7","2019-02-10","5.5",",,W",,,"0.0",",,W,2400","0.0",",,W",,,"-1.2","H,,S","2.8",",,W","-4.3",",,W","  270",",,W","  270",",,W","8.9",",,W","11.2",",,W",,,,,,,,,,,,,,,,
"USW00014739","BOSTON, MA US","42.3606","-71.0097","3.7","2019-02-11","4.7",",,W",,,"0.0",",,W,2400","0.0",",,W",,,"-0.1","H,,S","2.8",",,W","-3.2",",,W","  330",",,W","  330",",,W","8.1",",,W","10.7",",,W",,,,,,,,,,,,,,,,
"USW00014739","BOSTON, MA US","42.3606","-71.0097","3.7","2019-02-12","6.3",",,W",,,"23.1",",,W,2400","61.0",",,W",,,"-3.3","H,,S","3.3",",,W","-7.1",",,W","   90",",,W","   90",",,W","11.2",",,W","14.3",",,W","    1",",,W","    1",",,W",,,"    1",",,W",,,"    1",",,W",,,,
"USW00014739","BOSTON, MA US","42.3606","-71.0097","3.7","2019-02-13","6.0",",,W",,,"7.1",",,W,2400","3.0",",,W",,,"3.3","H,,S","6.1",",,W","0.6",",,W","  290",",,W","  290",",,W","11.2",",,W","14.3",",,W","    1",",,W",,,,,,,"    1",",,W",,,,,,
"USW00014739","BOSTON, MA US","42.3606","-71.0097","3.7","2019-02-14","6.1",",,W",,,"0.0",",,W,2400","0.0",",,W",,,"1.8","H,,S","4.4",",,W","-0.5",",,W","  290",",,W","  300",",,W","13.0",",,W","17.4",",,W",,,,,,,,,,,,,,,,
"USW00014739","BOSTON, MA US","42.3606","-71.0097","3.7","2019-02-15","5.1",",,W",,,"2.5",",,W,2400","0.0",",,W",,,"4.4","H,,S","11.1",",,W","-0.5",",,W","  210",",,W","  220",",,W","10.7",",,W","13.9",",,W","    1",",,W",,,,,,,,,,,,,,
"USW00014739","BOSTON, MA US","42.3606","-71.0097","3.7","2019-02-16","5.4",",,W",,,"0.0",",,W,2400","0.0",",,W",,,"6.2","H,,S","9.4",",,W","-0.5",",,W","  310",",,W","  300",",,W","8.1",",,W","11.2",",,W",,,,,,,,,,,,,,,,
"USW00014739","BOSTON, MA US","42.3606","-71.0097","3.7","2019-02-17","4.3",",,W",,,"0.0",",,W,2400","0.0","T,,W",,,"-0.9","H,,S","1.1",",,W","-4.3",",,W","  320",",,W","  320",",,W","9.8",",,W","12.1",",,W","    1",",,W",,,,,,,,,,,,,,
"USW00014739","BOSTON, MA US","42.3606","-71.0097","3.7","2019-02-18","4.6",",,W",,,"7.9",",,W,2400","91.0",",,W",,,"-1.0","H,,S","0.0",",,W","-6.0",",,W","  320",",,W","  330",",,W","11.6",",,W","14.8",",,W","    1",",,W",,,,,,,,,,,"    1",",,W",,
"USW00014739","BOSTON, MA US","42.3606","-71.0097","3.7","2019-02-19","6.0",",,W",,,"0.0",",,W,2400","0.0",",,W",,,"-4.1","H,,S","1.1",",,W","-7.7",",,W","  290",",,W","  280",",,W","10.3",",,W","13.4",",,W",,,,,,,,,,,,,,,,
"USW00014739","BOSTON, MA US","42.3606","-71.0097","3.7","2019-02-20","3.6",",,W",,,"2.5",",,W,2400","20.0",",,W",,,"-3.6","H,,S","-0.5",",,W","-6.0",",,W","  290",",,W","  250",",,W","6.7",",,W","8.9",",,W","    1",",,W",,,,,,,,,,,,,,
"USW00014739","BOSTON, MA US","42.3606","-71.0097","3.7","2019-02-21","4.6",",,W",,,"10.7",",,W,2400","33.0",",,W",,,"1.3","H,,S","8.9",",,W","-3.2",",,W","  280",",,W","  280",",,W","10.7",",,W","13.0",",,W","    1",",,W",,,,,"    1",",,W",,,"    1",",,W","    1",",,W",,
"USW00014739","BOSTON, MA US","42.3606","-71.0097","3.7","2019-02-22","4.0",",,W",,,"0.0",",,W,2400","0.0",",,W",,,"5.3","H,,S","7.8",",,W","2.2",",,W","  350",",,W","  340",",,W","7.2",",,W","10.3",",,W",,,,,,,,,,,,,,,,
"USW00014739","BOSTON, MA US","42.3606","-71.0097","3.7","2019-02-23","2.9",",,W",,,"0.0",",,W,2400","0.0",",,W",,,"1.8","H,,S","3.3",",,W","-1.0",",,W","  320",",,W","  110",",,W","5.4",",,W","6.7",",,W",,,,,,,,,,,,,,,,
"USW00014739","BOSTON, MA US","42.3606","-71.0097","3.7","2019-02-24","6.2",",,W",,,"12.2",",,W,2400","0.0",",,W",,,"3.7","H,,S","8.3",",,W","1.1",",,W","  290",",,W","  290",",,W","11.6",",,W","17.4",",,W","    1",",,W","    1",",,W",,,,,,,,,,,,
"USW00014739","BOSTON, MA US","42.3606","-71.0097","3.7","2019-02-25","10.3",",,W",,,"0.0","T,,W,2400","0.0","T,,W",,,"4.1","H,,S","5.6",",,W","-1.0",",,W","  270",",,W","  260",",,W","19.2",",,W","24.6",",,W",,,,,,,,,,,,,"    1",",,W",,
"USW00014739","BOSTON, MA US","42.3606","-71.0097","3.7","2019-02-26","9.0",",,W",,,"0.0",",,W,2400","0.0",",,W",,,"-1.9","H,,S","0.0",",,W","-6.6",",,W","  290",",,W","  290",",,W","14.3",",,W","20.1",",,W",,,,,,,,,,,,,,,,
"USW00014739","BOSTON, MA US","42.3606","-71.0097","3.7","2019-02-27","4.3",",,W",,,"1.3",",,W,2400","30.0",",,W",,,"-6.7","H,,S","-3.2",",,W","-10.5",",,W","  310",",,W","  280",",,W","9.8",",,W","12.5",",,W",,,,,,,,,,,,,"    1",",,W",,
"USW00014739","BOSTON, MA US","42.3606","-71.0097","3.7","2019-02-28","3.8",",,W",,,"3.8",",,W,2400","56.0",",,W",,,"-4.5","H,,S","-0.5",",,W","-7.1",",,W","  320",",,W","  320",",,W","6.3",",,W","8.5",",,W","    1",",,W",,,,,,,,,,,,,,
"USW00014739","BOSTON, MA US","42.3606","-71.0097","3.7","2019-03-01","3.0",",,W",,,"0.0",",,W,2400","0.0",",,W",,,"-1.4","H,,S","3.3",",,W","-4.9",",,W","  120",",,W","  130",",,W","7.6",",,W","8.9",",,W",,,,,,,,,,,,,,,,
"USW00014739","BOSTON, MA US","42.3606","-71.0097","3.7","2019-03-02","4.5",",,W",,,"4.6",",,W,2400","51.0",",,W",,,"0.6","H,,S","1.1",",,W","0.0",",,W","   10",",,W","   10",",,W","9.4",",,W","11.2",",,W","    1",",,W",,,,,,,,,,,,,,
"USW00014739","BOSTON, MA US","42.3606","-71.0097","3.7","2019-03-03","3.8",",,W",,,"2.3",",,W,2400","18.0",",,W",,,"1.8","H,,S","5.0",",,W","0.0",",,W","  110",",,W","  120",",,W","7.2",",,W","8.1",",,W","    1",",,W",,,,,,,,,,,,,,
"USW00014739","BOSTON, MA US","42.3606","-71.0097","3.7","2019-03-04","5.9",",,W",,,"24.6",",,W,2400","251.0",",,W",,,"2.1","H,,S","4.4",",,W","-3.8",",,W","  270",",,W","  290",",,W","10.7",",,W","13.9",",,W","    1",",,W","    1",",,W",,,,,,,,,"    1",",,W",,
"USW00014739","BOSTON, MA US","42.3606","-71.0097","3.7","2019-03-05","4.7",",,W",,,"0.0",",,W,2400","0.0",",,W",,,"-3.2","H,,S","-0.5",",,W","-7.1",",,W","  290",",,W","  290",",,W","9.4",",,W","11.6",",,W",,,,,,,,,,,,,"    1",",,W",,
"USW00014739","BOSTON, MA US","42.3606","-71.0097","3.7","2019-03-06","7.2",",,W",,,"0.0",",,W,2400","0.0",",,W",,,"-4.7","H,,S","-2.7",",,W","-7.7",",,W","  310",",,W","  300",",,W","12.5",",,W","16.5",",,W",,,,,,,,,,,,,,,,
"USW00014739","BOSTON, MA US","42.3606","-71.0097","3.7","2019-03-07","6.2",",,W",,,"0.0",",,W,2400","0.0",",,W",,,"-6.0","H,,S","-1.0",",,W","-9.3",",,W","  270",",,W","  230",",,W","9.8",",,W","13.9",",,W",,,,,,,,,,,,,,,,
"USW00014739","BOSTON, MA US","42.3606","-71.0097","3.7","2019-03-08","4.9",",,W",,,"0.0",",,W,2400","0.0",",,W",,,"-2.9","H,,S","3.3",",,W","-7.7",",,W","  240",",,W","  260",",,W","7.6",",,W","11.2",",,W",,,,,,,,,,,,,,,,
"USW00014739","BOSTON, MA US","42.3606","-71.0097","3.7","2019-03-09","3.1",",,W",,,"0.0",",,W,2400","0.0",",,W",,,"0.9","H,,S","7.8",",,W","-3.2",",,W","   90",",,W","  290",",,W","6.7",",,W","8.1",",,W",,,,,,,,,,,,,,,,
"USW00014739","BOSTON, MA US","42.3606","-71.0097","3.7","2019-03-10","5.7",",,W",,,"11.7",",,W,2400","23.0",",,W",,,"1.7","H,,S","4.4",",,W","-0.5",",,W","  120",",,W","  130",",,W","11.2",",,W","13.4",",,W","    1",",,W","    1",",,W",,,"    1",",,W",,,,,,,,
"USW00014739","BOSTON, MA US","42.3606","-71.0097","3.7","2019-03-11","6.5",",,W",,,"0.0",",,W,2400","0.0",",,W",,,"5.9","H,,S","10.0",",,W","2.8",",,W","  260",",,W","  300",",,W","11.2",",,W","14.3",",,W",,,,,,,,,,,,,,,,
"USW00014739","BOSTON, MA US","42.3606","-71.0097","3.7","2019-03-12","6.2",",,W",,,"0.0",",,W,2400","0.0",",,W",,,"4.3","H,,S","7.2",",,W","1.1",",,W","  320",",,W","  340",",,W","10.7",",,W","13.4",",,W",,,,,,,,,,,,,,,,
"USW00014739","BOSTON, MA US","42.3606","-71.0097","3.7","2019-03-13","3.5",",,W",,,"0.0",",,W,2400","0.0",",,W",,,"2.1","H,,S","4.4",",,W","-1.0",",,W","  220",",,W","  220",",,W","6.7",",,W","8.1",",,W",,,,,,,,,,,,,,,,
"USW00014739","BOSTON, MA US","42.3606","-71.0097","3.7","2019-03-14","3.3",",,W",,,"0.0",",,W,2400","0.0",",,W",,,"5.2","H,,S","10.6",",,W","2.2",",,W","  200",",,W","  200",",,W","6.7",",,W","8.1",",,W",,,,,,,,,,,,,,,,
"USW00014739","BOSTON, MA US","42.3606","-71.0097","3.7","2019-03-15","5.8",",,W",,,"5.1",",,W,2400","0.0",",,W",,,"10.9","H,,S","17.8",",,W","4.4",",,W","  210",",,W","  210",",,W","11.2",",,W","16.1",",,W","    1",",,W",,,"    1",",,W",,,,,,,,,,
"USW00014739","BOSTON, MA US","42.3606","-71.0097","3.7","2019-03-16","8.4",",,W",,,"0.0",",,W,2400","0.0",",,W",,,"10.1","H,,S","13.3",",,W","2.2",",,W","  270",",,W","  250",",,W","14.8",",,W","19.2",",,W",,,,,,,,,,,,,,,,
"USW00014739","BOSTON, MA US","42.3606","-71.0097","3.7","2019-03-17","6.3",",,W",,,"0.0",",,W,2400","0.0",",,W",,,"3.2","H,,S","6.1",",,W","0.0",",,W","  270",",,W","  270",",,W","10.3",",,W","14.3",",,W",,,,,,,,,,,,,,,,
"USW00014739","BOSTON, MA US","42.3606","-71.0097","3.7","2019-03-18","4.6",",,W",,,"0.0",",,W,2400","0.0",",,W",,,"2.2","H,,S","6.7",",,W","-2.1",",,W","  250",",,W","  310",",,W","8.9",",,W","10.7",",,W",,,,,,,,,,,,,,,,
"USW00014739","BOSTON, MA US","42.3606","-71.0097","3.7","2019-03-19","3.5",",,W",,,"0.0",",,W,2400","0.0",",,W",,,"3.9","H,,S","8.9",",,W","0.0",",,W","  280",",,W","  290",",,W","7.2",",,W","12.1",",,W",,,,,,,,,,,,,,,,
"USW00014739","BOSTON, MA US","42.3606","-71.0097","3.7","2019-03-20","4.7",",,W",,,"0.0",",,W,2400","0.0",",,W",,,"4.6","H,,S","10.6",",,W","-0.5",",,W","  210",",,W","  190",",,W","9.4",",,W","11.2",",,W",,,,,,,,,,,,,,,,
"USW00014739","BOSTON, MA US","42.3606","-71.0097","3.7","2019-03-21","4.8",",,W",,,"0.0","T,,W,2400","0.0",",,W",,,"5.9","H,,S","11.1",",,W","0.6",",,W","  180",",,W","  180",",,W","9.4",",,W","11.2",",,W",,,,,,,,,,,,,,,,
"USW00014739","BOSTON, MA US","42.3606","-71.0097","3.7","2019-03-22","9.4",",,W",,,"22.4",",,W,2400","0.0",",,W",,,"5.1","H,,S","6.7",",,W","4.4",",,W","   20",",,W","   30",",,W","15.7",",,W","19.7",",,W","    1",",,W",,,,,,,,,,,,,,
"USW00014739","BOSTON, MA US","42.3606","-71.0097","3.7","2019-03-23","9.7",",,W",,,"1.0",",,W,2400","0.0","T,,W",,,"5.0","H,,S","8.9",",,W","1.1",",,W","  290",",,W","  290",",,W","14.8",",,W","19.2",",,W","    1",",,W",,,,,,,,,,,,,,
"USW00014739","BOSTON, MA US","42.3606","-71.0097","3.7","2019-03-24","5.9",",,W",,,"0.0",",,W,2400","0.0",",,W",,,"6.8","H,,S","15.6",",,W","1.1",",,W","  240",",,W","  250",",,W","10.3",",,W","12.5",",,W",,,,,,,,,,,,,,,,
"USW00014739","BOSTON, MA US","42.3606","-71.0097","3.7","2019-03-25","4.6",",,W",,,"0.0",",,W,2400","0.0",",,W",,,"8.1","H,,S","11.1",",,W","2.2",",,W","  280",",,W","  290",",,W","8.1",",,W","10.7",",,W",,,,,,,,,,,,,,,,
"USW00014739","BOSTON, MA US","42.3606","-71.0097","3.7","2019-03-26","4.5",",,W",,,"0.0",",,W,2400","0.0",",,W",,,"3.0","H,,S","6.7",",,W","-0.5",",,W","  320",",,W","  340",",,W","7.6",",,W","10.3",",,W",,,,,,,,,,,,,,,,
"USW00014739","BOSTON, MA US","42.3606","-71.0097","3.7","2019-03-27","4.8",",,W",,,"0.0",",,W,2400","0.0",",,W",,,"2.4","H,,S","5.0",",,W","-1.0",",,W","  200",",,W","  160",",,W","7.2",",,W","8.5",",,W",,,,,,,,,,,,,,,,
"USW00014739","BOSTON, MA US","42.3606","-71.0097","3.7","2019-03-28","6.8",",,W",,,"0.3",",,W,2400","0.0",",,W",,,"5.2","H,,S","12.2",",,W","0.6",",,W","  200",",,W","  200",",,W","11.2",",,W","14.3",",,W",,,,,,,,,,,,,,,,
"USW00014739","BOSTON, MA US","42.3606","-71.0097","3.7","2019-03-29","5.1",",,W",,,"0.8",",,W,2400","0.0",",,W",,,"9.6","H,,S","14.4",",,W","6.7",",,W","  230",",,W","  230",",,W","9.8",",,W","11.6",",,W",,,,,,,,,,,,,,,,
"USW00014739","BOSTON, MA US","42.3606","-71.0097","3.7","2019-03-30","5.2",",,W",,,"0.0",",,W,2400","0.0",",,W",,,"10.8","H,,S","19.4",",,W","6.7",",,W","  190",",,W","  200",",,W","13.0",",,W","15.7",",,W","    1",",,W",,,,,,,,,,,"    1",",,W",,
"USW00014739","BOSTON, MA US","42.3606","-71.0097","3.7","2019-03-31","7.6",",,W",,,"2.3",",,W,2400","0.0",",,W",,,"14.4","H,,S","21.1",",,W","5.0",",,W","  190",",,W","  190",",,W","17.0",",,W","22.4",",,W","    1",",,W",,,,,,,,,,,,,,
"USW00014739","BOSTON, MA US","42.3606","-71.0097","3.7","2019-04-01","7.2",",,W",,,"0.0",",,W,2400","0.0",",,W",,,"5.7","H,,S","8.3",",,W","2.8",",,W","  290",",,W","  280",",,W","12.5",",,W","17.0",",,W",,,,,,,,,,,,,,,,
"USW00014739","BOSTON, MA US","42.3606","-71.0097","3.7","2019-04-02","4.7",",,W",,,"1.3",",,W,2400","0.0",",,W",,,"5.5","H,,S","11.7",",,W","-1.0",",,W","  180",",,W","  160",",,W","9.8",",,W","11.6",",,W",,,,,,,,,,,,,,,,
"USW00014739","BOSTON, MA US","42.3606","-71.0097","3.7","2019-04-03","8.1",",,W",,,"10.2",",,W,2400","0.0",",,W",,,"8.5","H,,S","18.3",",,W","4.4",",,W","  270",",,W","  280",",,W","17.0",",,W","25.0",",,W","    1",",,W",,,,,,,,,,,,,,
"USW00014739","BOSTON, MA US","42.3606","-71.0097","3.7","2019-04-04","7.9",",,W",,,"0.0",",,W,2400","0.0",",,W",,,"8.0","H,,S","11.7",",,W","3.3",",,W","  290",",,W","  300",",,W","13.0",",,W","17.9",",,W",,,,,,,,,,,,,,,,
"USW00014739","BOSTON, MA US","42.3606","-71.0097","3.7","2019-04-05","4.7",",,W",,,"3.3",",,W,2400","0.0","T,,W",,,"4.6","H,,S","7.8",",,W","1.7",",,W","  110",",,W","  280",",,W","8.1",",,W","9.8",",,W","    1",",,W",,,,,,,,,,,,,,
"USW00014739","BOSTON, MA US","42.3606","-71.0097","3.7","2019-04-06","3.3",",,W",,,"2.3",",,W,2400","0.0",",,W",,,"8.6","H,,S","19.4",",,W","2.8",",,W","  320",",,W","  320",",,W","8.1",",,W","10.7",",,W","    1",",,W",,,,,,,,,,,,,,
"USW00014739","BOSTON, MA US","42.3606","-71.0097","3.7","2019-04-07","3.7",",,W",,,"0.0",",,W,2400","0.0",",,W",,,"12.7","H,,S","20.6",",,W","6.1",",,W","  200",",,W","  230",",,W","8.1",",,W","10.7",",,W",,,,,,,,,,,,,,,,
"USW00014739","BOSTON, MA US","42.3606","-71.0097","3.7","2019-04-08","5.2",",,W",,,"7.9",",,W,2400","0.0",",,W",,,"8.6","H,,S","12.2",",,W","2.8",",,W","   50",",,W","   50",",,W","11.2",",,W","13.9",",,W","    1",",,W",,,,,,,,,,,,,,
"USW00014739","BOSTON, MA US","42.3606","-71.0097","3.7","2019-04-09","4.4",",,W",,,"1.5",",,W,2400","0.0",",,W",,,"3.6","H,,S","5.0",",,W","2.2",",,W","  120",",,W","  120",",,W","8.9",",,W","10.3",",,W","    1",",,W",,,,,,,,,,,,,,
"USW00014739","BOSTON, MA US","42.3606","-71.0097","3.7","2019-04-10","6.1",",,W",,,"0.3",",,W,2400","0.0",",,W",,,"5.4","H,,S","8.3",",,W","2.2",",,W","  330",",,W","  320",",,W","11.2",",,W","13.9",",,W",,,,,,,,,,,,,,,,
"USW00014739","BOSTON, MA US","42.3606","-71.0097","3.7","2019-04-11","4.4",",,W",,,"0.0",",,W,2400","0.0",",,W",,,"5.3","H,,S","11.1",",,W","1.7",",,W","  330",",,W","  320",",,W","8.1",",,W","10.7",",,W",,,,,,,,,,,,,,,,
"USW00014739","BOSTON, MA US","42.3606","-71.0097","3.7","2019-04-12","3.8",",,W",,,"2.8",",,W,2400","0.0",",,W",,,"8.6","H,,S","14.4",",,W","5.0",",,W","  190",",,W","  190",",,W","8.9",",,W","10.7",",,W","    1",",,W",,,,,,,,,,,,,,
"USW00014739","BOSTON, MA US","42.3606","-71.0097","3.7","2019-04-13","6.3",",,W",,,"7.1",",,W,2400","0.0",",,W",,,"16.5","H,,S","23.9",",,W","13.9",",,W","  220",",,W","  220",",,W","10.7",",,W","14.3",",,W","    1",",,W",,,,,,,,,,,,,,
"USW00014739","BOSTON, MA US","42.3606","-71.0097","3.7","2019-04-14","3.4",",,W",,,"1.0",",,W,2400","0.0",",,W",,,"15.2","H,,S","19.4",",,W","9.4",",,W","   90",",,W","   90",",,W","8.9",",,W","10.3",",,W","    1",",,W",,,,,,,,,,,,,,
"USW00014739","BOSTON, MA US","42.3606","-71.0097","3.7","2019-04-15","7.2",",,W",,,"18.3",",,W,2400","0.0",",,W",,,"13.3","H,,S","21.1",",,W","7.2",",,W","  270",",,W","  300",",,W","14.3",",,W","19.2",",,W","    1",",,W",,,"    1",",,W",,,,,,,,,,
"USW00014739","BOSTON, MA US","42.3606","-71.0097","3.7","2019-04-16","8.2",",,W",,,"0.0",",,W,2400","0.0",",,W",,,"10.1","H,,S","16.1",",,W","6.1",",,W","  280",",,W","  300",",,W","13.0",",,W","17.9",",,W",,,,,,,,,,,,,,,,
"USW00014739","BOSTON, MA US","42.3606","-71.0097","3.7","2019-04-17","5.4",",,W",,,"0.0",",,W,2400","0.0",",,W",,,"10.8","H,,S","15.6",",,W","7.2",",,W","  100",",,W","  110",",,W","8.9",",,W","10.3",",,W",,,,,,,,,,,,,,,,
"USW00014739","BOSTON, MA US","42.3606","-71.0097","3.7","2019-04-18","4.9",",,W",,,"0.0","T,,W,2400","0.0",",,W",,,"9.1","H,,S","17.2",",,W","6.1",",,W","  210",",,W","  200",",,W","12.5",",,W","16.1",",,W",,,,,,,,,,,,,,,,
"USW00014739","BOSTON, MA US","42.3606","-71.0097","3.7","2019-04-19","10.2",",,W",,,"0.5",",,W,2400","0.0",",,W",,,"19.4","H,,S","25.0",",,W","17.2",",,W","  220",",,W","  220",",,W","16.5",",,W","20.6",",,W","    1",",,W",,,,,,,,,,,,,,
"USW00014739","BOSTON, MA US","42.3606","-71.0097","3.7","2019-04-20","8.0",",,W",,,"4.3",",,W,2400","0.0",",,W",,,"19.8","H,,S","23.3",",,W","15.0",",,W","  200",",,W","  200",",,W","16.5",",,W","21.5",",,W","    1",",,W",,,,,,,,,,,,,,
"USW00014739","BOSTON, MA US","42.3606","-71.0097","3.7","2019-04-21","3.8",",,W",,,"0.8",",,W,2400","0.0",",,W",,,"16.2","H,,S","21.1",",,W","12.8",",,W","  180",",,W","  170",",,W","8.9",",,W","10.7",",,W","    1",",,W","    1",",,W",,,,,,,,,,,,
"USW00014739","BOSTON, MA US","42.3606","-71.0097","3.7","2019-04-22","5.2",",,W",,,"58.4",",,W,2400","0.0",",,W",,,"12.6","H,,S","14.4",",,W","9.4",",,W","   30",",,W","   20",",,W","11.2",",,W","14.3",",,W","    1",",,W",,,,,,,,,,,,,,
"USW00014739","BOSTON, MA US","42.3606","-71.0097","3.7","2019-04-23","5.2",",,W",,,"5.3",",,W,2400","0.0",",,W",,,"10.4","H,,S","13.3",",,W","8.3",",,W","   10",",,W","   20",",,W","9.8",",,W","12.1",",,W","    1",",,W",,,,,,,,,,,"    1",",,W",,
"USW00014739","BOSTON, MA US","42.3606","-71.0097","3.7","2019-04-24","4.3",",,W",,,"1.0",",,W,2400","0.0",",,W",,,"12.7","H,,S","20.0",",,W","8.3",",,W","  300",",,W","  290",",,W","8.9",",,W","11.2",",,W","    1",",,W",,,,,,,,,,,,,,
"USW00014739","BOSTON, MA US","42.3606","-71.0097","3.7","2019-04-25","4.7",",,W",,,"0.0",",,W,2400","0.0",",,W",,,"10.4","H,,S","12.8",",,W","8.3",",,W","  110",",,W","  110",",,W","8.9",",,W","10.3",",,W",,,,,,,,,,,,,,,,
"USW00014739","BOSTON, MA US","42.3606","-71.0097","3.7","2019-04-26","6.7",",,W",,,"18.8",",,W,2400","0.0",",,W",,,"9.2","H,,S","9.4",",,W","7.8",",,W","   80",",,W","   80",",,W","11.2",",,W","13.9",",,W","    1",",,W",,,"    1",",,W",,,,,,,,,,
"USW00014739","BOSTON, MA US","42.3606","-71.0097","3.7","2019-04-27","8.0",",,W",,,"16.8",",,W,2400","0.0",",,W",,,"10.1","H,,S","13.9",",,W","7.2",",,W","  270",",,W","  270",",,W","14.8",",,W","18.8",",,W","    1",",,W","    1",",,W","    1",",,W",,,,,,,,,,
"USW00014739","BOSTON, MA US","42.3606","-71.0097","3.7","2019-04-28","4.7",",,W",,,"0.3",",,W,2400","0.0",",,W",,,"9.4","H,,S","13.3",",,W","7.2",",,W","  270",",,W","  260",",,W","9.4",",,W","12.1",",,W",,,,,,,,,,,,,,,,
"USW00014739","BOSTON, MA US","42.3606","-71.0097","3.7","2019-04-29","4.2",",,W",,,"0.0",",,W,2400","0.0",",,W",,,"11.0","H,,S","17.2",",,W","6.1",",,W","  270",",,W","  310",",,W","7.6",",,W","11.2",",,W",,,,,,,,,,,,,,,,
"USW00014739","BOSTON, MA US","42.3606","-71.0097","3.7","2019-04-30","3.4",",,W",,,"3.6",",,W,2400","0.0",",,W",,,"9.6","H,,S","12.2",",,W","6.7",",,W","  320",",,W","  320",",,W","8.1",",,W","10.7",",,W","    1",",,W",,,,,,,,,,,,,,
"USW00014739","BOSTON, MA US","42.3606","-71.0097","3.7","2019-05-01","2.8",",,W",,,"0.0","T,,W,2400","0.0",",,W",,,"10.3","H,,S","13.3",",,W","8.3",",,W","  180",",,W","  180",",,W","7.6",",,W","8.9",",,W",,,,,,,,,,,,,,,,
"USW00014739","BOSTON, MA US","42.3606","-71.0097","3.7","2019-05-02","4.3",",,W",,,"1.5",",,W,2400","0.0",",,W",,,"8.9","H,,S","10.0",",,W","7.2",",,W","   70",",,W","   60",",,W","7.2",",,W","8.5",",,W","    1",",,W",,,,,,,,,,,,,,
"USW00014739","BOSTON, MA US","42.3606","-71.0097","3.7","2019-05-03","3.0",",,W",,,"2.8",",,W,2400","0.0",",,W",,,"8.9","H,,S","13.9",",,W","7.2",",,W","   90",",,W","   90",",,W","7.2",",,W","8.5",",,W","    1",",,W",,,,,,,,,,,,,,
"USW00014739","BOSTON, MA US","42.3606","-71.0097","3.7","2019-05-04","2.6",",,W",,,"3.6",",,W,2400","0.0",",,W",,,"11.2","H,,S","12.8",",,W","8.9",",,W","  140",",,W","  130",",,W","4.5",",,W","5.4",",,W","    1",",,W","    1",",,W",,,,,,,,,,,,
"USW00014739","BOSTON, MA US","42.3606","-71.0097","3.7","2019-05-05","2.9",",,W",,,"0.3",",,W,2400","0.0",",,W",,,"9.8","H,,S","10.6",",,W","9.4",",,W","   80",",,W","   60",",,W","5.4",",,W","6.7",",,W",,,,,,,,,,,,,,,,
"USW00014739","BOSTON, MA US","42.3606","-71.0097","3.7","2019-05-06","4.9",",,W",,,"0.0","T,,W,2400","0.0",",,W",,,"11.3","H,,S","15.6",",,W","8.3",",,W","   80",",,W","   90",",,W","8.1",",,W","9.4",",,W",,,,,,,,,,,,,,,,
"USW00014739","BOSTON, MA US","42.3606","-71.0097","3.7","2019-05-07","4.9",",,W",,,"2.0",",,W,2400","0.0",",,W",,,"14.6","H,,S","24.4",",,W","7.2",",,W","  350",",,W","  340",",,W","10.7",",,W","14.3",",,W",,,,,,,,,,,,,,,,
"USW00014739","BOSTON, MA US","42.3606","-71.0097","3.7","2019-05-08","4.1",",,W",,,"0.0",",,W,2400","0.0",",,W",,,"14.4","H,,S","16.1",",,W","10.0",",,W","  100",",,W","  120",",,W","7.2",",,W","8.9",",,W",,,,,,,,,,,,,,,,
"USW00014739","BOSTON, MA US","42.3606","-71.0097","3.7","2019-05-09","4.8",",,W",,,"0.0",",,W,2400","0.0",",,W",,,"11.3","H,,S","12.8",",,W","8.3",",,W","  110",",,W","  100",",,W","9.4",",,W","10.3",",,W",,,,,,,,,,,,,,,,
"USW00014739","BOSTON, MA US","42.3606","-71.0097","3.7","2019-05-10","5.2",",,W",,,"0.3",",,W,2400","0.0",",,W",,,"12.9","H,,S","18.9",",,W","10.6",",,W","  200",",,W","  180",",,W","9.4",",,W","12.1",",,W",,,,,,,,,,,,,,,,
"USW00014739","BOSTON, MA US","42.3606","-71.0097","3.7","2019-05-11","4.9",",,W",,,"0.0","T,,W,2400","0.0",",,W",,,"17.7","H,,S","21.1",",,W","12.2",",,W","  300",",,W","  320",",,W","8.9",",,W","11.2",",,W",,,,,,,,,,,,,,,,
"USW00014739","BOSTON, MA US","42.3606","-71.0097","3.7","2019-05-12","2.9",",,W",,,"9.9",",,W,2400","0.0",",,W",,,"10.3","H,,S","12.8",",,W","6.1",",,W","   80",",,W","   80",",,W","8.1",",,W","9.4",",,W","    1",",,W",,,,,,,,,,,,,,
"USW00014739","BOSTON, MA US","42.3606","-71.0097","3.7","2019-05-13","7.1",",,W",,,"20.8",",,W,2400","0.0",",,W",,,"9.3","H,,S","12.8",",,W","6.7",",,W","   70",",,W","   60",",,W","11.6",",,W","13.9",",,W","    1",",,W",,,,,,,,,,,,,,
"USW00014739","BOSTON, MA US","42.3606","-71.0097","3.7","2019-05-14","5.2",",,W",,,"3.8",",,W,2400","0.0",",,W",,,"7.4","H,,S","8.9",",,W","6.1",",,W","   50",",,W","   40",",,W","9.4",",,W","11.6",",,W","    1",",,W",,,,,,,,,,,,,,
"USW00014739","BOSTON, MA US","42.3606","-71.0097","3.7","2019-05-15","4.1",",,W",,,"0.3",",,W,2400","0.0",",,W",,,"10.5","H,,S","16.7",",,W","7.2",",,W","  300",",,W","  330",",,W","8.1",",,W","10.7",",,W",,,,,,,,,,,,,,,,
"USW00014739","BOSTON, MA US","42.3606","-71.0097","3.7","2019-05-16","2.9",",,W",,,"0.0","T,,W,2400","0.0",",,W",,,"14.0","H,,S","18.3",",,W","10.0",",,W","   90",",,W","   90",",,W","8.1",",,W","9.4",",,W",,,,,,,,,,,,,,,,
"USW00014739","BOSTON, MA US","42.3606","-71.0097","3.7","2019-05-17","2.4",",,W",,,"6.1",",,W,2400","0.0",",,W",,,"12.9","H,,S","18.3",",,W","10.0",",,W","  260",",,W","  280",",,W","7.2",",,W","11.6",",,W","    1",",,W",,,,,,,,,,,,,,
"USW00014739","BOSTON, MA US","42.3606","-71.0097","3.7","2019-05-18","5.1",",,W",,,"0.0",",,W,2400","0.0",",,W",,,"16.6","H,,S","21.1",",,W","11.7",",,W","  100",",,W","  110",",,W","9.8",",,W","11.6",",,W",,,,,,,,,,,,,,,,
"USW00014739","BOSTON, MA US","42.3606","-71.0097","3.7","2019-05-19","6.5",",,W",,,"5.6",",,W,2400","0.0",",,W",,,"15.9","H,,S","22.8",",,W","11.7",",,W","  210",",,W","  210",",,W","13.0",",,W","16.5",",,W","    1",",,W",,,,,,,,,,,,,,
"USW00014739","BOSTON, MA US","42.3606","-71.0097","3.7","2019-05-20","6.4",",,W",,,"3.3",",,W,2400","0.0",",,W",,,"22.6","H,,S","31.1",",,W","18.9",",,W","  220",",,W","  230",",,W","11.6",",,W","14.3",",,W","    1",",,W",,,"    1",",,W",,,,,,,,,,
"USW00014739","BOSTON, MA US","42.3606","-71.0097","3.7","2019-05-21","8.3",",,W",,,"0.0",",,W,2400","0.0",",,W",,,"19.5","H,,S","22.2",",,W","14.4",",,W","  320",",,W","  260",",,W","13.4",",,W","19.7",",,W",,,,,,,,,,,,,,,,
"USW00014739","BOSTON, MA US","42.3606","-71.0097","3.7","2019-05-22","6.2",",,W",,,"0.0",",,W,2400","0.0",",,W",,,"16.0","H,,S","20.6",",,W","12.2",",,W","  110",",,W","  330",",,W","9.4",",,W","12.1",",,W",,,,,,,,,,,,,,,,
"USW00014739","BOSTON, MA US","42.3606","-71.0097","3.7","2019-05-23","6.7",",,W",,,"3.0",",,W,2400","0.0",",,W",,,"15.9","H,,S","22.2",",,W","11.7",",,W","  210",",,W","  210",",,W","11.2",",,W","15.7",",,W","    1",",,W",,,"    1",",,W",,,,,,,,,,
"USW00014739","BOSTON, MA US","42.3606","-71.0097","3.7","2019-05-24","6.9",",,W",,,"0.0",",,W,2400","0.0",",,W",,,"18.4","H,,S","22.8",",,W","11.7",",,W","  310",",,W","  330",",,W","13.9",",,W","19.7",",,W",,,,,,,,,,,,,,,,
"USW00014739","BOSTON, MA US","42.3606","-71.0097","3.7","2019-05-25","5.5",",,W",,,"0.8",",,W,2400","0.0",",,W",,,"16.2","H,,S","21.7",",,W","11.1",",,W","  230",",,W","  210",",,W","10.7",",,W","15.2",",,W",,,,,"    1",",,W",,,,,,,,,,
"USW00014739","BOSTON, MA US","42.3606","-71.0097","3.7","2019-05-26","5.3",",,W",,,"5.8",",,W,2400","0.0",",,W",,,"21.4","H,,S","31.7",",,W","11.7",",,W","  270",",,W","  280",",,W","10.3",",,W","13.4",",,W",,,,,"    1",",,W",,,,,,,,,,
"USW00014739","BOSTON, MA US","42.3606","-71.0097","3.7","2019-05-27","4.3",",,W",,,"0.0",",,W,2400","0.0",",,W",,,"20.6","H,,S","24.4",",,W","13.9",",,W","   80",",,W","   90",",,W","8.1",",,W","9.8",",,W","    1",",,W",,,,,,,,,,,,,,
"USW00014739","BOSTON, MA US","42.3606","-71.0097","3.7","2019-05-28","5.5",",,W",,,"7.6",",,W,2400","0.0",",,W",,,"14.2","H,,S","17.8",",,W","11.1",",,W","  110",",,W","  110",",,W","10.3",",,W","13.0",",,W","    1",",,W",,,,,,,,,,,,,,
"USW00014739","BOSTON, MA US","42.3606","-71.0097","3.7","2019-05-29","4.1",",,W",,,"0.0","T,,W,2400","0.0",",,W",,,"11.3","H,,S","12.8",",,W","10.0",",,W","   10",",,W","   10",",,W","9.4",",,W","11.2",",,W","    1",",,W",,,,,,,,,,,,,,
"USW00014739","BOSTON, MA US","42.3606","-71.0097","3.7","2019-05-30","3.4",",,W",,,"5.8",",,W,2400","0.0",",,W",,,"13.3","H,,S","18.9",",,W","11.1",",,W","  200",",,W","  160",",,W","7.2",",,W","8.9",",,W","    1",",,W",,,,,,,,,,,,,,
"USW00014739","BOSTON, MA US","42.3606","-71.0097","3.7","2019-05-31","4.1",",,W",,,"1.8",",,W,2400","0.0",",,W",,,"17.1","H,,S","23.9",",,W","13.9",",,W","   70",",,W","   70",",,W","9.4",",,W","11.2",",,W","    1",",,W",,,,,,,,,,,,,,
"USW00014739","BOSTON, MA US","42.3606","-71.0097","3.7","2019-06-01","3.7",",,W",,,"0.0",",,W,2400","0.0",",,W",,,"15.6","H,,S","18.9",",,W","12.2",",,W","  100",",,W","   80",",,W","7.6",",,W","9.4",",,W","    1",",,W","    1",",,W",,,,,,,,,"    1",",,W",,
"USW00014739","BOSTON, MA US","42.3606","-71.0097","3.7","2019-06-02","3.7",",,W",,,"1.0",",,W,2400","0.0",",,W",,,"13.4","H,,S","17.2",",,W","11.7",",,W","  360",",,W","  360",",,W","10.3",",,W","12.5",",,W","    1",",,W","    1",",,W",,,,,,,,,"    1",",,W",,
"USW00014739","BOSTON, MA US","42.3606","-71.0097","3.7","2019-06-03","6.9",",,W",,,"1.0",",,W,2400","0.0",",,W",,,"17.7","H,,S","23.3",",,W","13.9",",,W","  280",",,W","  270",",,W","12.5",",,W","16.1",",,W","    1",",,W",,,,,,,,,,,,,,
"USW00014739","BOSTON, MA US","42.3606","-71.0097","3.7","2019-06-04","4.3",",,W",,,"0.0",",,W,2400","0.0",",,W",,,"17.0","H,,S","22.2",",,W","12.2",",,W","  290",",,W","  290",",,W","8.1",",,W","11.2",",,W",,,,,,,,,,,,,,,,
"USW00014739","BOSTON, MA US","42.3606","-71.0097","3.7","2019-06-05","5.5",",,W",,,"1.3",",,W,2400","0.0",",,W",,,"21.9","H,,S","28.9",",,W","16.1",",,W","  230",",,W","  240",",,W","9.8",",,W","12.5",",,W","    1",",,W",,,"    1",",,W",,,,,,,,,,
"USW00014739","BOSTON, MA US","42.3606","-71.0097","3.7","2019-06-06","4.4",",,W",,,"0.3",",,W,2400","0.0",",,W",,,"20.9","H,,S","25.6",",,W","17.8",",,W","   90",",,W","  340",",,W","8.1",",,W","9.8",",,W","    1",",,W",,,,,,,,,,,,,,
"USW00014739","BOSTON, MA US","42.3606","-71.0097","3.7","2019-06-07","3.8",",,W",,,"0.0",",,W,2400","0.0",",,W",,,"20.1","H,,S","22.8",",,W","17.8",",,W","  200",",,W","  200",",,W","8.1",",,W","10.3",",,W",,,,,,,,,,,,,,,,
"USW00014739","BOSTON, MA US","42.3606","-71.0097","3.7","2019-06-08","4.5",",,W",,,"0.0",",,W,2400","0.0",",,W",,,"20.1","H,,S","22.8",",,W","17.2",",,W","   80",",,W","   30",",,W","7.6",",,W","9.8",",,W",,,,,,,,,,,,,,,,
"USW00014739","BOSTON, MA US","42.3606","-71.0097","3.7","2019-06-09","4.4",",,W",,,"0.0",",,W,2400","0.0",",,W",,,"19.7","H,,S","26.7",",,W","13.3",",,W","  220",",,W","  240",",,W","8.9",",,W","12.1",",,W",,,,,,,,,,,,,,,,
"USW00014739","BOSTON, MA US","42.3606","-71.0097","3.7","2019-06-10","4.6",",,W",,,"3.6",",,W,2400","0.0",",,W",,,"19.1","H,,S","23.3",",,W","14.4",",,W","  110",",,W","  120",",,W","8.1",",,W","9.4",",,W","    1",",,W",,,,,,,,,,,,,,
"USW00014739","BOSTON, MA US","42.3606","-71.0097","3.7","2019-06-11","5.3",",,W",,,"13.5",",,W,2400","0.0",",,W",,,"21.1","H,,S","26.1",",,W","17.2",",,W","  330",",,W","  330",",,W","10.3",",,W","14.3",",,W","    1",",,W",,,,,,,,,,,,,,
"USW00014739","BOSTON, MA US","42.3606","-71.0097","3.7","2019-06-12","5.2",",,W",,,"0.0",",,W,2400","0.0",",,W",,,"20.2","H,,S","23.9",",,W","15.6",",,W","  110",",,W","  200",",,W","8.9",",,W","10.3",",,W",,,,,,,,,,,,,,,,
"USW00014739","BOSTON, MA US","42.3606","-71.0097","3.7","2019-06-13","5.1",",,W",,,"16.0",",,W,2400","0.0",",,W",,,"15.1","H,,S","16.7",",,W","11.7",",,W","   90",",,W","   80",",,W","11.2",",,W","13.4",",,W","    1",",,W",,,,,,,,,,,,,,
"USW00014739","BOSTON, MA US","42.3606","-71.0097","3.7","2019-06-14","6.4",",,W",,,"0.0",",,W,2400","0.0",",,W",,,"17.3","H,,S","25.0",",,W","12.2",",,W","  250",",,W","  250",",,W","13.0",",,W","17.4",",,W",,,,,,,,,,,,,,,,
"USW00014739","BOSTON, MA US","42.3606","-71.0097","3.7","2019-06-15","6.8",",,W",,,"0.0",",,W,2400","0.0",",,W",,,"22.0","H,,S","28.9",",,W","16.7",",,W","  220",",,W","  220",",,W","13.0",",,W","15.7",",,W",,,,,,,,,,,,,,,,
"USW00014739","BOSTON, MA US","42.3606","-71.0097","3.7","2019-06-16","3.4",",,W",,,"2.8",",,W,2400","0.0",",,W",,,"20.7","H,,S","22.2",",,W","17.2",",,W","  250",",,W","  240",",,W","9.8",",,W","12.1",",,W","    1",",,W",,,,,,,,,,,,,,
"USW00014739","BOSTON, MA US","42.3606","-71.0097","3.7","2019-06-17","3.8",",,W",,,"0.0",",,W,2400","0.0",",,W",,,"20.3","H,,S","23.9",",,W","18.9",",,W","  320",",,W","  100",",,W","6.7",",,W","8.1",",,W","    1",",,W",,,,,,,,,,,,,,
"USW00014739","BOSTON, MA US","42.3606","-71.0097","3.7","2019-06-18","2.5",",,W",,,"2.5",",,W,2400","0.0",",,W",,,"19.4","H,,S","21.1",",,W","16.1",",,W","   80",",,W","   90",",,W","5.4",",,W","5.8",",,W","    1",",,W",,,,,,,,,,,"    1",",,W",,
"USW00014739","BOSTON, MA US","42.3606","-71.0097","3.7","2019-06-19","3.4",",,W",,,"0.0",",,W,2400","0.0",",,W",,,"17.9","H,,S","21.7",",,W","15.6",",,W","  110",",,W","  110",",,W","8.1",",,W","9.4",",,W","    1",",,W",,,,,,,,,,,"    1",",,W",,
"USW00014739","BOSTON, MA US","42.3606","-71.0097","3.7","2019-06-20","3.0",",,W",,,"9.4",",,W,2400","0.0",",,W",,,"18.9","H,,S","22.8",",,W","16.1",",,W","  190",",,W","  200",",,W","6.3",",,W","8.5",",,W","    1",",,W","    1",",,W",,,,,,,,,,,,
"USW00014739","BOSTON, MA US","42.3606","-71.0097","3.7","2019-06-21","4.6",",,W",,,"30.2",",,W,2400","0.0",",,W",,,"19.9","H,,S","24.4",",,W","16.1",",,W","  330",",,W","  320",",,W","11.2",",,W","13.9",",,W","    1",",,W","    1",",,W",,,,,,,,,"    1",",,W",,
"USW00014739","BOSTON, MA US","42.3606","-71.0097","3.7","2019-06-22","5.5",",,W",,,"0.0","T,,W,2400","0.0",",,W",,,"22.3","H,,S","28.3",",,W","17.8",",,W","  330",",,W","  310",",,W","10.7",",,W","14.3",",,W",,,,,,,,,,,,,,,,
"USW00014739","BOSTON, MA US","42.3606","-71.0097","3.7","2019-06-23","5.8",",,W",,,"0.0",",,W,2400","0.0",",,W",,,"23.6","H,,S","30.6",",,W","18.9",",,W","  300",",,W","  320",",,W","8.9",",,W","12.1",",,W",,,,,,,,,,,,,,,,
"USW00014739","BOSTON, MA US","42.3606","-71.0097","3.7","2019-06-24","4.6",",,W",,,"0.0",",,W,2400","0.0",",,W",,,"23.7","H,,S","26.7",",,W","17.2",",,W","  110",",,W","  100",",,W","8.1",",,W","11.2",",,W",,,,,,,,,,,,,,,,
"USW00014739","BOSTON, MA US","42.3606","-71.0097","3.7","2019-06-25","3.1",",,W",,,"3.3",",,W,2400","0.0",",,W",,,"19.5","H,,S","22.8",",,W","17.2",",,W","  180",",,W","  180",",,W","8.1",",,W","10.3",",,W","    1",",,W",,,,,,,,,,,,,,
"USW00014739","BOSTON, MA US","42.3606","-71.0097","3.7","2019-06-26","3.0",",,W",,,"0.0",",,W,2400","0.0",",,W",,,"20.8","H,,S","23.9",",,W","16.7",",,W","   90",",,W","   90",",,W","6.7",",,W","8.1",",,W","    1",",,W","    1",",,W",,,,,,,,,"    1",",,W",,
"USW00014739","BOSTON, MA US","42.3606","-71.0097","3.7","2019-06-27","3.0",",,W",,,"0.0",",,W,2400","0.0",",,W",,,"18.4","H,,S","21.7",",,W","16.1",",,W","   80",",,W","   80",",,W","6.3",",,W","7.6",",,W","    1",",,W",,,,,,,,,,,"    1",",,W",,
"USW00014739","BOSTON, MA US","42.3606","-71.0097","3.7","2019-06-28","3.1",",,W",,,"0.0",",,W,2400","0.0",",,W",,,"21.5","H,,S","29.4",",,W","17.2",",,W","  110",",,W","  240",",,W","6.3",",,W","8.1",",,W","    1",",,W",,,,,,,,,,,,,,
"USW00014739","BOSTON, MA US","42.3606","-71.0097","3.7","2019-06-29","2.8",",,W",,,"41.9",",,W,2400","0.0","T,,W",,,"25.2","H,,S","30.6",",,W","20.0",",,W","   10",",,W","   20",",,W","17.0",",,W","24.1",",,W","    1",",,W",,,"    1",",,W",,,"    1",",,W",,,,,,
"USW00014739","BOSTON, MA US","42.3606","-71.0097","3.7","2019-06-30","4.7",",,W",,,"4.1",",,W,2400","0.0",",,W",,,"22.7","H,,S","25.6",",,W","18.3",",,W","  310",",,W","  300",",,W","10.7",",,W","16.1",",,W",,,,,"    1",",,W",,,,,,,,,,
"USW00014739","BOSTON, MA US","42.3606","-71.0097","3.7","2019-07-01","4.0",",,W",,,"0.0",",,W,2400","0.0",",,W",,,"21.7","H,,S","28.9",",,W","17.8",",,W","  330",",,W","  330",",,W","7.2",",,W","9.4",",,W",,,,,,,,,,,,,,,,
"USW00014739","BOSTON, MA US","42.3606","-71.0097","3.7","2019-07-02","4.2",",,W",,,"0.0",",,W,2400","0.0",",,W",,,"26.3","H,,S","30.6",",,W","22.8",",,W","  290",",,W","  270",",,W","7.2",",,W","10.7",",,W",,,,,,,,,,,,,,,,
"USW00014739","BOSTON, MA US","42.3606","-71.0097","3.7","2019-07-03","3.5",",,W",,,"0.0",",,W,2400","0.0",",,W",,,"26.7","H,,S","30.0",",,W","22.8",",,W","  120",",,W","  110",",,W","6.3",",,W","7.6",",,W",,,,,,,,,,,,,,,,
"USW00014739","BOSTON, MA US","42.3606","-71.0097","3.7","2019-07-04","2.6",",,W",,,"0.0",",,W,2400","0.0",",,W",,,"26.3","H,,S","28.9",",,W","22.8",",,W","  220",",,W","  100",",,W","5.4",",,W","6.3",",,W",,,,,,,,,,,,,,,,
"USW00014739","BOSTON, MA US","42.3606","-71.0097","3.7","2019-07-05","4.4",",,W",,,"0.0",",,W,2400","0.0",",,W",,,"27.1","H,,S","32.2",",,W","21.7",",,W","  240",",,W","  240",",,W","8.1",",,W","10.3",",,W",,,,,,,,,,,,,,,,
"USW00014739","BOSTON, MA US","42.3606","-71.0097","3.7","2019-07-06","5.1",",,W",,,"34.8",",,W,2400","0.0",",,W",,,"27.8","H,,S","35.0",",,W","23.9",",,W","  320",",,W","  330",",,W","11.2",",,W","14.3",",,W","    1",",,W",,,"    1",",,W",,,,,,,,,,
"USW00014739","BOSTON, MA US","42.3606","-71.0097","3.7","2019-07-07","4.6",",,W",,,"0.0",",,W,2400","0.0",",,W",,,"22.9","H,,S","25.0",",,W","19.4",",,W","   30",",,W","   30",",,W","9.4",",,W","11.2",",,W",,,,,,,,,,,,,,,,
"USW00014739","BOSTON, MA US","42.3606","-71.0097","3.7","2019-07-08","3.5",",,W",,,"0.0",",,W,2400","0.0",",,W",,,"21.8","H,,S","24.4",",,W","18.9",",,W","   80",",,W","   80",",,W","5.8",",,W","6.7",",,W",,,,,,,,,,,,,,,,
"USW00014739","BOSTON, MA US","42.3606","-71.0097","3.7","2019-07-09","3.8",",,W",,,"0.0",",,W,2400","0.0",",,W",,,"25.4","H,,S","31.7",",,W","20.6",",,W","  260",",,W","  290",",,W","6.3",",,W","8.9",",,W",,,,,,,,,,,,,,,,
"USW00014739","BOSTON, MA US","42.3606","-71.0097","3.7","2019-07-10","3.4",",,W",,,"0.0",",,W,2400","0.0",",,W",,,"26.8","H,,S","31.1",",,W","22.8",",,W","  100",",,W","  100",",,W","7.2",",,W","8.5",",,W",,,,,,,,,,,,,"    1",",,W",,
"USW00014739","BOSTON, MA US","42.3606","-71.0097","3.7","2019-07-11","4.7",",,W",,,"0.5",",,W,2400","0.0",",,W",,,"24.8","H,,S","30.0",",,W","21.7",",,W","  200",",,W","  190",",,W","10.7",",,W","13.4",",,W","    1",",,W",,,,,,,,,,,"    1",",,W",,
"USW00014739","BOSTON, MA US","42.3606","-71.0097","3.7","2019-07-12","2.6",",,W",,,"20.6",",,W,2400","0.0",",,W",,,"23.2","H,,S","27.8",",,W","20.6",",,W","   30",",,W","   20",",,W","6.7",",,W","8.5",",,W","    1",",,W",,,"    1",",,W",,,,,,,,,,
"USW00014739","BOSTON, MA US","42.3606","-71.0097","3.7","2019-07-13","4.2",",,W",,,"0.0",",,W,2400","0.0",",,W",,,"25.4","H,,S","31.7",",,W","22.2",",,W","  140",",,W","  270",",,W","6.7",",,W","8.9",",,W",,,,,,,,,,,,,,,,
"USW00014739","BOSTON, MA US","42.3606","-71.0097","3.7","2019-07-14","4.7",",,W",,,"0.0",",,W,2400","0.0",",,W",,,"28.3","H,,S","32.8",",,W","23.3",",,W","  330",",,W","  280",",,W","8.1",",,W","11.2",",,W",,,,,,,,,,,,,,,,
"USW00014739","BOSTON, MA US","42.3606","-71.0097","3.7","2019-07-15","4.9",",,W",,,"0.0",",,W,2400","0.0",",,W",,,"26.2","H,,S","30.6",",,W","21.7",",,W","  270",",,W","  310",",,W","8.1",",,W","10.7",",,W",,,,,,,,,,,,,,,,
"USW00014739","BOSTON, MA US","42.3606","-71.0097","3.7","2019-07-16","4.0",",,W",,,"0.0",",,W,2400","0.0",",,W",,,"26.5","H,,S","32.2",",,W","21.7",",,W","  240",",,W","  280",",,W","7.6",",,W","9.8",",,W",,,,,,,,,,,,,,,,
"USW00014739","BOSTON, MA US","42.3606","-71.0097","3.7","2019-07-17","4.6",",,W",,,"10.9",",,W,2400","0.0",",,W",,,"28.2","H,,S","33.3",",,W","23.3",",,W","  200",",,W","  190",",,W","9.4",",,W","11.2",",,W","    1",",,W",,,"    1",",,W",,,,,,,,,,
"USW00014739","BOSTON, MA US","42.3606","-71.0097","3.7","2019-07-18","4.4",",,W",,,"1.0",",,W,2400","0.0",",,W",,,"22.8","H,,S","25.6",",,W","19.4",",,W","   50",",,W","   50",",,W","9.4",",,W","11.6",",,W","    1",",,W",,,,,,,,,,,,,,
"USW00014739","BOSTON, MA US","42.3606","-71.0097","3.7","2019-07-19","4.2",",,W",,,"0.0",",,W,2400","0.0",",,W",,,"24.1","H,,S","33.9",",,W","18.9",",,W","  220",",,W","  250",",,W","8.1",",,W","11.6",",,W",,,,,,,,,,,,,,,,
"USW00014739","BOSTON, MA US","42.3606","-71.0097","3.7","2019-07-20","4.4",",,W",,,"0.0",",,W,2400","0.0",",,W",,,"31.4","H,,S","36.1",",,W","26.7",",,W","  240",",,W","  250",",,W","7.2",",,W","10.7",",,W",,,,,,,,,,,,,,,,
"USW00014739","BOSTON, MA US","42.3606","-71.0097","3.7","2019-07-21","6.2",",,W",,,"0.0",",,W,2400","0.0",",,W",,,"32.3","H,,S","36.7",",,W","28.3",",,W","  290",",,W","  250",",,W","9.8",",,W","13.0",",,W",,,,,,,,,,,,,,,,
"USW00014739","BOSTON, MA US","42.3606","-71.0097","3.7","2019-07-22","5.1",",,W",,,"21.6",",,W,2400","0.0",",,W",,,"27.2","H,,S","28.9",",,W","19.4",",,W","   50",",,W","   50",",,W","11.2",",,W","14.3",",,W","    1",",,W",,,"    1",",,W",,,,,,,,,,
"USW00014739","BOSTON, MA US","42.3606","-71.0097","3.7","2019-07-23","5.0",",,W",,,"26.2",",,W,2400","0.0",",,W",,,"19.7","H,,S","21.7",",,W","17.2",",,W","   30",",,W","   30",",,W","10.3",",,W","13.0",",,W","    1",",,W",,,,,,,,,,,,,,
"USW00014739","BOSTON, MA US","42.3606","-71.0097","3.7","2019-07-24","2.3",",,W",,,"0.0","T,,W,2400","0.0",",,W",,,"21.4","H,,S","25.0",",,W","18.9",",,W","  130",",,W","  120",",,W","6.3",",,W","8.1",",,W",,,,,,,,,,,,,,,,
"USW00014739","BOSTON, MA US","42.3606","-71.0097","3.7","2019-07-25","3.9",",,W",,,"0.0",",,W,2400","0.0",",,W",,,"22.6","H,,S","24.4",",,W","20.6",",,W","  100",",,W","   70",",,W","6.7",",,W","8.5",",,W",,,,,,,,,,,,,,,,
"USW00014739","BOSTON, MA US","42.3606","-71.0097","3.7","2019-07-26","3.5",",,W",,,"0.0",",,W,2400","0.0",",,W",,,"23.8","H,,S","27.2",",,W","19.4",",,W","  200",",,W","  200",",,W","6.3",",,W","8.1",",,W",,,,,,,,,,,,,,,,
"USW00014739","BOSTON, MA US","42.3606","-71.0097","3.7","2019-07-27","4.4",",,W",,,"0.0",",,W,2400","0.0",",,W",,,"24.1","H,,S","27.8",",,W","20.6",",,W","  100",",,W","  100",",,W","8.9",",,W","10.3",",,W",,,,,,,,,,,,,,,,
"USW00014739","BOSTON, MA US","42.3606","-71.0097","3.7","2019-07-28","4.5",",,W",,,"0.0",",,W,2400","0.0",",,W",,,"26.2","H,,S","33.9",",,W","20.0",",,W","  220",",,W","  270",",,W","9.4",",,W","13.0",",,W",,,,,,,,,,,,,,,,
"USW00014739","BOSTON, MA US","42.3606","-71.0097","3.7","2019-07-29","4.4",",,W",,,"0.3",",,W,2400","0.0",",,W",,,"28.9","H,,S","33.9",",,W","23.9",",,W","  210",",,W","  210",",,W","7.6",",,W","9.8",",,W",,,,,,,,,,,,,,,,
"USW00014739","BOSTON, MA US","42.3606","-71.0097","3.7","2019-07-30","3.9",",,W",,,"0.0",",,W,2400","0.0",",,W",,,"29.2","H,,S","35.6",",,W","23.3",",,W","  200",",,W","  200",",,W","7.6",",,W","9.4",",,W",,,,,,,,,,,,,,,,
"USW00014739","BOSTON, MA US","42.3606","-71.0097","3.7","2019-07-31","4.4",",,W"," 1453",",,W","31.8",",,W,2400","0.0",",,W",,,"27.9","H,,S","34.4",",,W","21.7",",,W","  230",",,W","  210",",,W","21.5",",,W","33.1",",,W",,,,,,,,,,,,,,,,
"USW00014739","BOSTON, MA US","42.3606","-71.0097","3.7","2019-08-01","3.5",",,W",,,"0.0",",,W,2400","0.0",",,W",,,"26.4","H,,S","31.7",",,W","23.3",",,W","  320",",,W","  330",",,W","6.3",",,W","8.9",",,W",,,,,,,,,,,,,,,,
"USW00014739","BOSTON, MA US","42.3606","-71.0097","3.7","2019-08-02","3.6",",,W",,,"0.0",",,W,2400","0.0",",,W",,,"24.9","H,,S","27.8",",,W","20.0",",,W","  120",",,W","  120",",,W","5.4",",,W","7.6",",,W",,,,,,,,,,,,,,,,
"USW00014739","BOSTON, MA US","42.3606","-71.0097","3.7","2019-08-03","4.8",",,W",,,"0.0","T,,W,2400","0.0",",,W",,,"25.1","H,,S","30.6",",,W","19.4",",,W","  220",",,W","  220",",,W","9.4",",,W","12.1",",,W",,,,,,,,,,,,,,,,
"USW00014739","BOSTON, MA US","42.3606","-71.0097","3.7","2019-08-04","3.5",",,W",,,"0.0",",,W,2400","0.0",",,W",,,"24.9","H,,S","29.4",",,W","21.7",",,W","  230",",,W","  230",",,W","7.2",",,W","9.4",",,W",,,,,,,,,,,,,,,,
"USW00014739","BOSTON, MA US","42.3606","-71.0097","3.7","2019-08-05","3.6",",,W",,,"0.0",",,W,2400","0.0",",,W",,,"22.5","H,,S","25.0",",,W","18.9",",,W","  110",",,W","  120",",,W","7.2",",,W","8.1",",,W",,,,,,,,,,,,,,,,
"USW00014739","BOSTON, MA US","42.3606","-71.0097","3.7","2019-08-06","3.0",",,W",,,"0.0",",,W,2400","0.0",",,W",,,"21.4","H,,S","24.4",",,W","17.8",",,W","   80",",,W","   90",",,W","5.8",",,W","6.7",",,W","    1",",,W","    1",",,W",,,,,,,,,"    1",",,W",,
"USW00014739","BOSTON, MA US","42.3606","-71.0097","3.7","2019-08-07","4.8",",,W",,,"48.3",",,W,2400","0.0",",,W",,,"24.3","H,,S","30.0",",,W","20.6",",,W","  230",",,W","  230",",,W","10.7",",,W","13.0",",,W","    1",",,W",,,"    1",",,W",,,,,,,,,,
"USW00014739","BOSTON, MA US","42.3606","-71.0097","3.7","2019-08-08","5.1",",,W",,,"9.7",",,W,2400","0.0",",,W",,,"25.3","H,,S","31.1",",,W","20.6",",,W","  250",",,W","  240",",,W","9.8",",,W","13.0",",,W","    1",",,W",,,"    1",",,W",,,,,,,,,,
"USW00014739","BOSTON, MA US","42.3606","-71.0097","3.7","2019-08-09","5.0",",,W",,,"0.0",",,W,2400","0.0",",,W",,,"25.8","H,,S","30.6",",,W","20.0",",,W","  230",",,W","  320",",,W","8.1",",,W","11.6",",,W",,,,,,,,,,,,,,,,
"USW00014739","BOSTON, MA US","42.3606","-71.0097","3.7","2019-08-10","5.8",",,W",,,"0.0","T,,W,2400","0.0",",,W",,,"24.2","H,,S","27.8",",,W","18.9",",,W","  320",",,W","  330",",,W","11.2",",,W","14.3",",,W",,,,,,,,,,,,,,,,
"USW00014739","BOSTON, MA US","42.3606","-71.0097","3.7","2019-08-11","4.9",",,W",,,"0.0",",,W,2400","0.0",",,W",,,"22.2","H,,S","27.8",",,W","16.7",",,W","  280",",,W","  270",",,W","7.6",",,W","10.3",",,W",,,,,,,,,,,,,,,,
"USW00014739","BOSTON, MA US","42.3606","-71.0097","3.7","2019-08-12","4.7",",,W",,,"0.0",",,W,2400","0.0",",,W",,,"25.1","H,,S","30.6",",,W","18.3",",,W","  220",",,W","  240",",,W","8.9",",,W","11.2",",,W",,,,,,,,,,,,,,,,
"USW00014739","BOSTON, MA US","42.3606","-71.0097","3.7","2019-08-13","5.5",",,W",,,"0.0","T,,W,2400","0.0",",,W",,,"25.6","H,,S","27.2",",,W","22.8",",,W","  220",",,W","  220",",,W","9.8",",,W","12.1",",,W",,,,,,,,,,,,,,,,
"USW00014739","BOSTON, MA US","42.3606","-71.0097","3.7","2019-08-14","3.5",",,W",,,"0.0","T,,W,2400","0.0",",,W",,,"22.1","H,,S","24.4",",,W","17.2",",,W","   80",",,W","   20",",,W","6.3",",,W","7.6",",,W","    1",",,W","    1",",,W",,,,,,,,,"    1",",,W",,
"USW00014739","BOSTON, MA US","42.3606","-71.0097","3.7","2019-08-15","3.0",",,W",,,"0.0",",,W,2400","0.0",",,W",,,"19.1","H,,S","22.8",",,W","17.2",",,W","   90",",,W","   90",",,W","6.7",",,W","8.1",",,W","    1",",,W","    1",",,W",,,,,,,,,"    1",",,W",,
"USW00014739","BOSTON, MA US","42.3606","-71.0097","3.7","2019-08-16","3.3",",,W",,,"0.0",",,W,2400","0.0",",,W",,,"19.9","H,,S","23.9",",,W","17.2",",,W","   90",",,W","   80",",,W","7.6",",,W","9.4",",,W","    1",",,W","    1",",,W",,,,,,,,,,,,
"USW00014739","BOSTON, MA US","42.3606","-71.0097","3.7","2019-08-17","4.0",",,W",,,"0.0","T,,W,2400","0.0",",,W",,,"20.8","H,,S","24.4",",,W","19.4",",,W","  100",",,W","  100",",,W","7.2",",,W","8.9",",,W","    1",",,W",,,,,,,,,,,"    1",",,W",,
"USW00014739","BOSTON, MA US","42.3606","-71.0097","3.7","2019-08-18","3.3",",,W",,,"4.1",",,W,2400","0.0",",,W",,,"23.0","H,,S","27.2",",,W","20.6",",,W","  110",",,W","  110",",,W","8.1",",,W","9.4",",,W","    1",",,W",,,,,,,,,,,"    1",",,W",,
"USW00014739","BOSTON, MA US","42.3606","-71.0097","3.7","2019-08-19","5.1",",,W",,,"0.3",",,W,2400","0.0",",,W",,,"27.6","H,,S","35.0",",,W","23.3",",,W","  230",",,W","  250",",,W","8.9",",,W","12.1",",,W",,,,,"    1",",,W",,,,,,,,,,
"USW00014739","BOSTON, MA US","42.3606","-71.0097","3.7","2019-08-20","3.5",",,W",,,"0.0",",,W,2400","0.0",",,W",,,"26.1","H,,S","28.9",",,W","21.7",",,W","   90",",,W","  110",",,W","6.7",",,W","8.1",",,W",,,,,,,,,,,,,,,,
"USW00014739","BOSTON, MA US","42.3606","-71.0097","3.7","2019-08-21","4.7",",,W",,,"2.0",",,W,2400","0.0",",,W",,,"24.7","H,,S","31.1",",,W","20.6",",,W","  240",",,W","  250",",,W","9.4",",,W","14.8",",,W",,,,,"    1",",,W",,,,,,,,,,
"USW00014739","BOSTON, MA US","42.3606","-71.0097","3.7","2019-08-22","4.4",",,W",,,"0.0","T,,W,2400","0.0",",,W",,,"26.8","H,,S","33.9",",,W","22.2",",,W","  280",",,W","  280",",,W","7.6",",,W","10.7",",,W","    1",",,W",,,,,,,,,,,,,,
"USW00014739","BOSTON, MA US","42.3606","-71.0097","3.7","2019-08-23","4.3",",,W",,,"0.0","T,,W,2400","0.0",",,W",,,"25.5","H,,S","27.8",",,W","20.0",",,W","  330",",,W","  350",",,W","7.2",",,W","9.8",",,W",,,,,,,,,,,,,,,,
"USW00014739","BOSTON, MA US","42.3606","-71.0097","3.7","2019-08-24","4.7",",,W",,,"0.0",",,W,2400","0.0",",,W",,,"20.7","H,,S","22.8",",,W","16.7",",,W","   70",",,W","   60",",,W","8.9",",,W","9.8",",,W",,,,,,,,,,,,,,,,
"USW00014739","BOSTON, MA US","42.3606","-71.0097","3.7","2019-08-25","5.5",",,W",,,"0.0","T,,W,2400","0.0",",,W",,,"18.8","H,,S","21.7",",,W","15.0",",,W","   60",",,W","   60",",,W","9.8",",,W","12.1",",,W",,,,,,,,,,,,,,,,
"USW00014739","BOSTON, MA US","42.3606","-71.0097","3.7","2019-08-26","4.2",",,W",,,"0.0",",,W,2400","0.0",",,W",,,"18.0","H,,S","22.2",",,W","13.9",",,W","   20",",,W","   20",",,W","8.1",",,W","10.3",",,W",,,,,,,,,,,,,,,,
"USW00014739","BOSTON, MA US","42.3606","-71.0097","3.7","2019-08-27","3.2",",,W",,,"0.0",",,W,2400","0.0",",,W",,,"19.1","H,,S","23.9",",,W","14.4",",,W","  110",",,W","  110",",,W","7.6",",,W","8.9",",,W",,,,,,,,,,,,,,,,
"USW00014739","BOSTON, MA US","42.3606","-71.0097","3.7","2019-08-28","3.5",",,W",,,"16.5",",,W,2400","0.0",",,W",,,"20.3","H,,S","23.9",",,W","17.2",",,W","  110",",,W","  110",",,W","8.1",",,W","9.8",",,W","    1",",,W",,,,,,,,,,,,,,
"USW00014739","BOSTON, MA US","42.3606","-71.0097","3.7","2019-08-29","4.3",",,W",,,"7.6",",,W,2400","0.0",",,W",,,"23.6","H,,S","30.6",",,W","20.0",",,W","  270",",,W","  270",",,W","8.1",",,W","11.2",",,W","    1",",,W",,,,,,,,,,,,,,
"USW00014739","BOSTON, MA US","42.3606","-71.0097","3.7","2019-08-30","5.4",",,W",,,"0.0",",,W,2400","0.0",",,W",,,"25.0","H,,S","30.6",",,W","18.3",",,W","  220",",,W","  230",",,W","10.7",",,W","13.4",",,W",,,,,,,,,,,,,,,,
"USW00014739","BOSTON, MA US","42.3606","-71.0097","3.7","2019-08-31","4.1",",,W",,,"0.0",",,W,2400","0.0",",,W",,,"24.8","H,,S","27.2",",,W","20.0",",,W","  330",",,W","  270",",,W","7.2",",,W","10.3",",,W",,,,,,,,,,,,,,,,
"USW00014739","BOSTON, MA US","42.3606","-71.0097","3.7","2019-09-01","3.8",",,W",,,"0.0",",,W,2400","0.0",",,W",,,"20.3","H,,S","22.2",",,W","16.7",",,W","   80",",,W","   80",",,W","6.3",",,W","8.1",",,W",,,,,,,,,,,,,,,,
"USW00014739","BOSTON, MA US","42.3606","-71.0097","3.7","2019-09-02","3.5",",,W",,,"28.2",",,W,2400","0.0",",,W",,,"20.2","H,,S","25.6",",,W","16.7",",,W","  210",",,W","  210",",,W","8.9",",,W","10.7",",,W","    1",",,W",,,"    1",",,W",,,,,,,,,,
"USW00014739","BOSTON, MA US","42.3606","-71.0097","3.7","2019-09-03","3.7",",,W",,,"0.0",",,W,2400","0.0",",,W",,,"21.7","H,,S","24.4",",,W","18.9",",,W","  120",",,W","  130",",,W","6.7",",,W","7.2",",,W",,,,,,,,,,,,,,,,
"USW00014739","BOSTON, MA US","42.3606","-71.0097","3.7","2019-09-04","5.4",",,W",,,"8.4",",,W,2400","0.0",",,W",,,"22.7","H,,S","30.0",",,W","18.3",",,W","  260",",,W","  250",",,W","13.9",",,W","17.4",",,W",,,,,"    1",",,W",,,,,,,,,,
"USW00014739","BOSTON, MA US","42.3606","-71.0097","3.7","2019-09-05","4.1",",,W",,,"0.0",",,W,2400","0.0",",,W",,,"20.0","H,,S","21.1",",,W","16.1",",,W","  320",",,W","  320",",,W","7.6",",,W","9.4",",,W",,,,,,,,,,,,,,,,
"USW00014739","BOSTON, MA US","42.3606","-71.0097","3.7","2019-09-06","5.4",",,W",,,"0.0","T,,W,2400","0.0",",,W",,,"17.8","H,,S","20.0",",,W","15.0",",,W","   30",",,W","   50",",,W","10.7",",,W","13.9",",,W",,,,,,,,,,,,,,,,
"USW00014739","BOSTON, MA US","42.3606","-71.0097","3.7","2019-09-07","6.4",",,W",,,"0.8",",,W,2400","0.0",",,W",,,"18.1","H,,S","23.9",",,W","13.3",",,W","   30",",,W","   10",",,W","10.7",",,W","14.3",",,W","    1",",,W",,,,,,,,,,,,,,
"USW00014739","BOSTON, MA US","42.3606","-71.0097","3.7","2019-09-08","4.3",",,W",,,"0.0",",,W,2400","0.0",",,W",,,"20.6","H,,S","25.6",",,W","16.1",",,W","  290",",,W","  280",",,W","7.2",",,W","9.8",",,W",,,,,,,,,,,,,,,,
"USW00014739","BOSTON, MA US","42.3606","-71.0097","3.7","2019-09-09","3.5",",,W",,,"0.0",",,W,2400","0.0",",,W",,,"18.8","H,,S","21.1",",,W","15.6",",,W","  100",",,W","  100",",,W","7.6",",,W","8.5",",,W",,,,,,,,,,,,,,,,
"USW00014739","BOSTON, MA US","42.3606","-71.0097","3.7","2019-09-10","3.4",",,W",,,"0.0",",,W,2400","0.0",",,W",,,"19.3","H,,S","22.2",",,W","17.2",",,W","  200",",,W","  220",",,W","7.6",",,W","9.8",",,W",,,,,,,,,,,,,,,,
"USW00014739","BOSTON, MA US","42.3606","-71.0097","3.7","2019-09-11","6.1",",,W",,,"0.0",",,W,2400","0.0",",,W",,,"24.1","H,,S","30.6",",,W","20.6",",,W","  220",",,W","  220",",,W","10.7",",,W","13.4",",,W",,,,,,,,,,,,,,,,
"USW00014739","BOSTON, MA US","42.3606","-71.0097","3.7","2019-09-12","4.6",",,W",,,"1.8",",,W,2400","0.0",",,W",,,"20.6","H,,S","24.4",",,W","14.4",",,W","   60",",,W","   60",",,W","8.9",",,W","11.2",",,W",,,,,,,,,,,,,,,,
"USW00014739","BOSTON, MA US","42.3606","-71.0097","3.7","2019-09-13","5.0",",,W",,,"0.0",",,W,2400","0.0",",,W",,,"16.3","H,,S","20.0",",,W","12.2",",,W","   70",",,W","   50",",,W","8.1",",,W","10.3",",,W",,,,,,,,,,,,,,,,
"USW00014739","BOSTON, MA US","42.3606","-71.0097","3.7","2019-09-14","4.9",",,W",,,"5.3",",,W,2400","0.0",",,W",,,"16.7","H,,S","22.2",",,W","11.7",",,W","  210",",,W","  220",",,W","10.7",",,W","13.9",",,W","    1",",,W",,,,,,,,,,,,,,
"USW00014739","BOSTON, MA US","42.3606","-71.0097","3.7","2019-09-15","4.3",",,W",,,"0.0","T,,W,2400","0.0",",,W",,,"22.8","H,,S","27.2",",,W","20.0",",,W","  260",",,W","  220",",,W","7.6",",,W","11.6",",,W","    1",",,W",,,,,,,,,,,,,,
"USW00014739","BOSTON, MA US","42.3606","-71.0097","3.7","2019-09-16","4.4",",,W",,,"0.0",",,W,2400","0.0",",,W",,,"21.1","H,,S","23.9",",,W","16.7",",,W","  320",",,W","  290",",,W","8.1",",,W","11.2",",,W",,,,,,,,,,,,,,,,
"USW00014739","BOSTON, MA US","42.3606","-71.0097","3.7","2019-09-17","4.8",",,W",,,"0.0",",,W,2400","0.0",",,W",,,"17.8","H,,S","21.1",",,W","15.0",",,W","   70",",,W","  360",",,W","8.1",",,W","9.8",",,W",,,,,,,,,,,,,,,,
"USW00014739","BOSTON, MA US","42.3606","-71.0097","3.7","2019-09-18","5.4",",,W",,,"0.0",",,W,2400","0.0",",,W",,,"16.1","H,,S","18.3",",,W","11.7",",,W","   30",",,W","   40",",,W","8.9",",,W","12.1",",,W",,,,,,,,,,,,,,,,
"USW00014739","BOSTON, MA US","42.3606","-71.0097","3.7","2019-09-19","3.4",",,W",,,"0.0",",,W,2400","0.0",",,W",,,"14.3","H,,S","18.3",",,W","10.0",",,W","   90",",,W","  120",",,W","5.4",",,W","6.7",",,W",,,,,,,,,,,,,,,,
"USW00014739","BOSTON, MA US","42.3606","-71.0097","3.7","2019-09-20","2.8",",,W",,,"0.0",",,W,2400","0.0",",,W",,,"17.8","H,,S","26.1",",,W","11.1",",,W","  290",",,W","  280",",,W","5.4",",,W","7.2",",,W",,,,,,,,,,,,,,,,
"USW00014739","BOSTON, MA US","42.3606","-71.0097","3.7","2019-09-21","3.1",",,W",,,"0.0",",,W,2400","0.0",",,W",,,"22.7","H,,S","28.3",",,W","18.3",",,W","  100",",,W","  110",",,W","7.6",",,W","8.5",",,W",,,,,,,,,,,,,,,,
"USW00014739","BOSTON, MA US","42.3606","-71.0097","3.7","2019-09-22","4.8",",,W",,,"0.0",",,W,2400","0.0",",,W",,,"23.6","H,,S","31.7",",,W","16.7",",,W","  230",",,W","  240",",,W","8.9",",,W","12.1",",,W",,,,,,,,,,,,,,,,
"USW00014739","BOSTON, MA US","42.3606","-71.0097","3.7","2019-09-23","6.8",",,W",,,"3.3",",,W,2400","0.0",",,W",,,"25.7","H,,S","33.3",",,W","21.1",",,W","  220",",,W","  240",",,W","9.8",",,W","13.9",",,W",,,,,,,,,,,,,,,,
"USW00014739","BOSTON, MA US","42.3606","-71.0097","3.7","2019-09-24","5.3",",,W",,,"0.3",",,W,2400","0.0",",,W",,,"23.2","H,,S","26.7",",,W","17.2",",,W","  320",",,W","  290",",,W","8.1",",,W","11.2",",,W",,,,,,,,,,,,,,,,
"USW00014739","BOSTON, MA US","42.3606","-71.0097","3.7","2019-09-25","4.2",",,W",,,"0.0",",,W,2400","0.0",",,W",,,"18.6","H,,S","24.4",",,W","15.0",",,W","   90",",,W","  290",",,W","7.2",",,W","9.4",",,W",,,,,,,,,,,,,,,,
"USW00014739","BOSTON, MA US","42.3606","-71.0097","3.7","2019-09-26","4.7",",,W",,,"6.9",",,W,2400","0.0",",,W",,,"20.0","H,,S","28.9",",,W","15.0",",,W","  220",",,W","  270",",,W","12.5",",,W","16.5",",,W",,,,,,,,,,,,,,,,
"USW00014739","BOSTON, MA US","42.3606","-71.0097","3.7","2019-09-27","4.0",",,W",,,"0.0",",,W,2400","0.0",",,W",,,"18.3","H,,S","23.3",",,W","14.4",",,W","  120",",,W","  220",",,W","6.7",",,W","8.5",",,W",,,,,,,,,,,,,,,,
"USW00014739","BOSTON, MA US","42.3606","-71.0097","3.7","2019-09-28","5.5",",,W",,,"0.0",",,W,2400","0.0",",,W",,,"20.2","H,,S","27.8",",,W","15.6",",,W","  200",",,W","  210",",,W","10.7",",,W","12.5",",,W",,,,,,,,,,,,,,,,
"USW00014739","BOSTON, MA US","42.3606","-71.0097","3.7","2019-09-29","4.1",",,W",,,"0.0",",,W,2400","0.0",",,W",,,"21.2","H,,S","23.9",",,W","14.4",",,W","  330",",,W","  320",",,W","8.9",",,W","10.7",",,W",,,,,,,,,,,,,,,,
"USW00014739","BOSTON, MA US","42.3606","-71.0097","3.7","2019-09-30","4.6",",,W",,,"0.0","T,,W,2400","0.0",",,W",,,"14.8","H,,S","16.7",",,W","11.1",",,W","   30",",,W","   60",",,W","6.7",",,W","8.5",",,W",,,,,,,,,,,,,,,,
"USW00014739","BOSTON, MA US","42.3606","-71.0097","3.7","2019-10-01","5.2",",,W",,,"1.3",",,W,2400","0.0",",,W",,,"16.8","H,,S","22.2",",,W","13.9",",,W","  230",",,W","  230",",,W","9.4",",,W","11.6",",,W",,,,,,,,,,,,,,,,
"USW00014739","BOSTON, MA US","42.3606","-71.0097","3.7","2019-10-02","5.2",",,W",,,"5.6",",,W,2400","0.0",",,W",,,"21.5","H,,S","26.1",",,W","12.2",",,W","   40",",,W","   30",",,W","9.4",",,W","11.6",",,W","    1",",,W",,,,,,,,,,,,,,
"USW00014739","BOSTON, MA US","42.3606","-71.0097","3.7","2019-10-03","5.1",",,W",,,"0.5",",,W,2400","0.0",",,W",,,"12.4","H,,S","12.8",",,W","10.6",",,W","   50",",,W","   30",",,W","9.4",",,W","12.1",",,W","    1",",,W",,,,,,,,,,,"    1",",,W",,
"USW00014739","BOSTON, MA US","42.3606","-71.0097","3.7","2019-10-04","5.9",",,W",,,"2.3",",,W,2400","0.0",",,W",,,"13.3","H,,S","16.7",",,W","7.8",",,W","  330",",,W","  320",",,W","11.6",",,W","15.2",",,W","    1",",,W",,,,,,,,,,,,,,
"USW00014739","BOSTON, MA US","42.3606","-71.0097","3.7","2019-10-05","4.2",",,W",,,"0.0",",,W,2400","0.0",",,W",,,"10.1","H,,S","13.9",",,W","5.6",",,W","  180",",,W","  320",",,W","6.3",",,W","9.4",",,W",,,,,,,,,,,,,,,,
"USW00014739","BOSTON, MA US","42.3606","-71.0097","3.7","2019-10-06","5.4",",,W",,,"0.0",",,W,2400","0.0",",,W",,,"13.3","H,,S","21.1",",,W","7.2",",,W","  190",",,W","  190",",,W","8.1",",,W","10.3",",,W",,,,,,,,,,,,,,,,
"USW00014739","BOSTON, MA US","42.3606","-71.0097","3.7","2019-10-07","7.2",",,W",,,"4.1",",,W,2400","0.0",",,W",,,"22.8","H,,S","27.2",",,W","16.1",",,W","  220",",,W","  210",",,W","15.7",",,W","19.7",",,W","    1",",,W",,,,,,,,,,,,,,
"USW00014739","BOSTON, MA US","42.3606","-71.0097","3.7","2019-10-08","3.8",",,W",,,"0.3",",,W,2400","0.0",",,W",,,"16.9","H,,S","18.3",",,W","13.3",",,W","  320",",,W","  330",",,W","6.3",",,W","7.6",",,W",,,,,,,,,,,,,,,,
"USW00014739","BOSTON, MA US","42.3606","-71.0097","3.7","2019-10-09","8.0",",,W",,,"1.8",",,W,2400","0.0",",,W",,,"14.3","H,,S","15.6",",,W","12.8",",,W","   40",",,W","   50",",,W","11.6",",,W","17.0",",,W",,,,,,,,,,,,,,,,
"USW00014739","BOSTON, MA US","42.3606","-71.0097","3.7","2019-10-10","9.5",",,W",,,"0.5",",,W,2400","0.0",",,W",,,"13.3","H,,S","15.0",",,W","11.7",",,W","   30",",,W","   20",",,W","13.9",",,W","17.4",",,W",,,,,,,,,,,,,,,,
"USW00014739","BOSTON, MA US","42.3606","-71.0097","3.7","2019-10-11","10.6",",,W",,,"8.4",",,W,2400","0.0",",,W",,,"13.2","H,,S","13.9",",,W","11.7",",,W","   30",",,W","   30",",,W","14.3",",,W","18.3",",,W","    1",",,W",,,,,,,,,,,"    1",",,W",,
"USW00014739","BOSTON, MA US","42.3606","-71.0097","3.7","2019-10-12","5.0",",,W",,,"0.3",",,W,2400","0.0",",,W",,,"13.1","H,,S","14.4",",,W","11.7",",,W","   40",",,W","   20",",,W","10.3",",,W","13.4",",,W","    1",",,W",,,,,,,,,,,"    1",",,W",,
"USW00014739","BOSTON, MA US","42.3606","-71.0097","3.7","2019-10-13","2.8",",,W",,,"0.0",",,W,2400","0.0",",,W",,,"14.9","H,,S","21.1",",,W","11.1",",,W","  290",",,W","  290",",,W","5.4",",,W","7.6",",,W",,,,,,,,,,,,,,,,
"USW00014739","BOSTON, MA US","42.3606","-71.0097","3.7","2019-10-14","3.3",",,W",,,"0.0",",,W,2400","0.0",",,W",,,"14.5","H,,S","18.3",",,W","11.1",",,W","  250",",,W","  260",",,W","6.7",",,W","10.7",",,W","    1",",,W",,,,,,,,,,,,,,
"USW00014739","BOSTON, MA US","42.3606","-71.0097","3.7","2019-10-15","3.7",",,W",,,"0.0",",,W,2400","0.0",",,W",,,"14.4","H,,S","17.8",",,W","9.4",",,W","  310",",,W","  310",",,W","7.6",",,W","9.8",",,W",,,,,,,,,,,,,,,,
"USW00014739","BOSTON, MA US","42.3606","-71.0097","3.7","2019-10-16","7.3",",,W",,,"13.5",",,W,2400","0.0",",,W",,,"12.2","H,,S","17.2",",,W","7.8",",,W","   90",",,W","   90",",,W","18.3",",,W","22.8",",,W","    1",",,W",,,,,,,,,,,,,,
"USW00014739","BOSTON, MA US","42.3606","-71.0097","3.7","2019-10-17","11.0",",,W",,,"17.0",",,W,2400","0.0",",,W",,,"13.9","H,,S","17.8",",,W","11.1",",,W","   90",",,W","   90",",,W","24.6",",,W","31.3",",,W","    1",",,W",,,,,,,,,,,"    1",",,W",,
"USW00014739","BOSTON, MA US","42.3606","-71.0097","3.7","2019-10-18","6.5",",,W",,,"0.0",",,W,2400","0.0",",,W",,,"12.6","H,,S","16.7",",,W","8.9",",,W","  270",",,W","  270",",,W","10.3",",,W","13.4",",,W",,,,,,,,,,,,,,,,
"USW00014739","BOSTON, MA US","42.3606","-71.0097","3.7","2019-10-19","3.4",",,W",,,"0.0",",,W,2400","0.0",",,W",,,"11.2","H,,S","16.7",",,W","6.7",",,W","  310",",,W","  330",",,W","7.2",",,W","9.8",",,W",,,,,,,,,,,,,,,,
"USW00014739","BOSTON, MA US","42.3606","-71.0097","3.7","2019-10-20","2.1",",,W",,,"0.0","T,,W,2400","0.0",",,W",,,"11.5","H,,S","15.6",",,W","6.7",",,W","  110",",,W","  130",",,W","4.5",",,W","6.3",",,W",,,,,,,,,,,,,,,,
"USW00014739","BOSTON, MA US","42.3606","-71.0097","3.7","2019-10-21","4.0",",,W",,,"0.0",",,W,2400","0.0",",,W",,,"14.2","H,,S","17.2",",,W","10.6",",,W","   80",",,W","   90",",,W","7.2",",,W","8.9",",,W",,,,,,,,,,,,,,,,
"USW00014739","BOSTON, MA US","42.3606","-71.0097","3.7","2019-10-22","4.8",",,W",,,"4.1",",,W,2400","0.0",",,W",,,"12.7","H,,S","15.6",",,W","10.0",",,W","   80",",,W","   60",",,W","8.1",",,W","10.3",",,W","    1",",,W",,,,,,,,,,,,,,
"USW00014739","BOSTON, MA US","42.3606","-71.0097","3.7","2019-10-23","4.5",",,W",,,"10.7",",,W,2400","0.0",",,W",,,"16.2","H,,S","21.1",",,W","11.7",",,W","  270",",,W","  310",",,W","9.4",",,W","12.5",",,W","    1",",,W",,,,,,,,,,,,,,
"USW00014739","BOSTON, MA US","42.3606","-71.0097","3.7","2019-10-24","5.3",",,W",,,"0.0",",,W,2400","0.0",",,W",,,"15.1","H,,S","20.6",",,W","9.4",",,W","  220",",,W","  220",",,W","8.9",",,W","11.6",",,W",,,,,,,,,,,,,,,,
"USW00014739","BOSTON, MA US","42.3606","-71.0097","3.7","2019-10-25","2.6",",,W",,,"0.3",",,W,2400","0.0",",,W",,,"14.3","H,,S","17.2",",,W","11.7",",,W","  250",",,W","  230",",,W","6.3",",,W","7.6",",,W",,,,,,,,,,,,,,,,
"USW00014739","BOSTON, MA US","42.3606","-71.0097","3.7","2019-10-26","3.4",",,W",,,"0.0","T,,W,2400","0.0",",,W",,,"13.1","H,,S","16.1",",,W","10.0",",,W","  360",",,W","  330",",,W","6.7",",,W","9.4",",,W",,,,,,,,,,,,,,,,
"USW00014739","BOSTON, MA US","42.3606","-71.0097","3.7","2019-10-27","7.0",",,W",,,"36.3",",,W,2400","0.0",",,W",,,"11.4","H,,S","13.3",",,W","10.6",",,W","  100",",,W","  110",",,W","13.9",",,W","17.9",",,W","    1",",,W",,,,,,,,,,,"    1",",,W",,
"USW00014739","BOSTON, MA US","42.3606","-71.0097","3.7","2019-10-28","3.8",",,W",,,"1.5",",,W,2400","0.0",",,W",,,"11.8","H,,S","13.9",",,W","10.0",",,W","  320",",,W","  340",",,W","7.2",",,W","9.8",",,W","    1",",,W",,,,,,,,,,,"    1",",,W",,
"USW00014739","BOSTON, MA US","42.3606","-71.0097","3.7","2019-10-29","2.0",",,W",,,"0.8",",,W,2400","0.0",",,W",,,"12.4","H,,S","13.9",",,W","11.1",",,W","  150",",,W","  150",",,W","5.8",",,W","6.7",",,W","    1",",,W",,,,,,,,,,,,,,
"USW00014739","BOSTON, MA US","42.3606","-71.0097","3.7","2019-10-30","1.5",",,W",,,"2.3",",,W,2400","0.0",",,W",,,"14.9","H,,S","18.9",",,W","10.6",",,W","   90",",,W","   90",",,W","5.8",",,W","7.6",",,W","    1",",,W",,,,,,,,,,,,,,
"USW00014739","BOSTON, MA US","42.3606","-71.0097","3.7","2019-10-31","8.1",",,W",,,"1.8",",,W,2400","0.0",",,W",,,"18.2","H,,S","22.2",",,W","15.0",",,W","  200",",,W","  200",",,W","17.0",",,W","21.0",",,W","    1",",,W",,,,,,,,,,,"    1",",,W",,
"USW00014739","BOSTON, MA US","42.3606","-71.0097","3.7","2019-11-01","9.2",",,W",,,"0.3",",,W,2400","0.0",",,W",,,"16.8","H,,S","22.2",",,W","6.7",",,W","  200",",,W","  200",",,W","17.0",",,W","22.8",",,W",,,,,,,,,,,,,,,,
"USW00014739","BOSTON, MA US","42.3606","-71.0097","3.7","2019-11-02","3.1",",,W",,,"0.0",",,W,2400","0.0",",,W",,,"7.4","H,,S","10.6",",,W","3.9",",,W","  290",",,W","  300",",,W","6.3",",,W","8.1",",,W",,,,,,,,,,,,,,,,
"USW00014739","BOSTON, MA US","42.3606","-71.0097","3.7","2019-11-03","4.5",",,W",,,"0.0",",,W,2400","0.0",",,W",,,"9.3","H,,S","13.9",",,W","5.6",",,W","  280",",,W","  280",",,W","8.1",",,W","10.3",",,W",,,,,,,,,,,,,,,,
"USW00014739","BOSTON, MA US","42.3606","-71.0097","3.7","2019-11-04","3.9",",,W",,,"0.0",",,W,2400","0.0",",,W",,,"9.1","H,,S","12.8",",,W","5.0",",,W","  200",",,W","  200",",,W","7.6",",,W","9.4",",,W",,,,,,,,,,,,,,,,
"USW00014739","BOSTON, MA US","42.3606","-71.0097","3.7","2019-11-05","3.5",",,W",,,"10.2",",,W,2400","0.0",",,W",,,"11.3","H,,S","14.4",",,W","7.2",",,W","  300",",,W","  300",",,W","7.6",",,W","11.2",",,W","    1",",,W",,,,,,,,,,,"    1",",,W",,
"USW00014739","BOSTON, MA US","42.3606","-71.0097","3.7","2019-11-06","4.7",",,W",,,"0.0",",,W,2400","0.0",",,W",,,"11.1","H,,S","13.3",",,W","5.6",",,W","  260",",,W","  250",",,W","8.9",",,W","11.6",",,W",,,,,,,,,,,,,,,,
"USW00014739","BOSTON, MA US","42.3606","-71.0097","3.7","2019-11-07","5.1",",,W",,,"5.8",",,W,2400","0.0",",,W",,,"9.9","H,,S","15.0",",,W","4.4",",,W","  330",",,W","  200",",,W","8.9",",,W","11.2",",,W",,,,,,,,,,,,,,,,
"USW00014739","BOSTON, MA US","42.3606","-71.0097","3.7","2019-11-08","7.5",",,W",,,"0.0","T,,W,2400","0.0","T,,W",,,"3.7","H,,S","5.6",",,W","-1.0",",,W","  330",",,W","  330",",,W","12.5",",,W","17.4",",,W",,,,,,,,,,,,,,,,
"USW00014739","BOSTON, MA US","42.3606","-71.0097","3.7","2019-11-09","4.3",",,W",,,"0.0",",,W,2400","0.0",",,W",,,"0.8","H,,S","5.0",",,W","-2.1",",,W","  200",",,W","  200",",,W","7.2",",,W","8.9",",,W",,,,,,,,,,,,,,,,
"USW00014739","BOSTON, MA US","42.3606","-71.0097","3.7","2019-11-10","5.0",",,W",,,"0.0",",,W,2400","0.0",",,W",,,"4.9","H,,S","12.2",",,W","0.6",",,W","  230",",,W","  220",",,W","10.3",",,W","12.5",",,W",,,,,,,,,,,,,,,,
"USW00014739","BOSTON, MA US","42.3606","-71.0097","3.7","2019-11-11","3.8",",,W",,,"0.0","T,,W,2400","0.0",",,W",,,"8.8","H,,S","12.2",",,W","6.1",",,W","   10",",,W","  360",",,W","7.6",",,W","8.9",",,W",,,,,,,,,,,,,,,,
"USW00014739","BOSTON, MA US","42.3606","-71.0097","3.7","2019-11-12","5.9",",,W",,,"2.0",",,W,2400","0.0","T,,W",,,"5.1","H,,S","6.7",",,W","-3.2",",,W","  320",",,W","  330",",,W","11.6",",,W","15.7",",,W","    1",",,W",,,,,,,,,,,"    1",",,W",,
"USW00014739","BOSTON, MA US","42.3606","-71.0097","3.7","2019-11-13","7.2",",,W",,,"0.0",",,W,2400","0.0",",,W",,,"-2.6","H,,S","0.6",",,W","-6.0",",,W","  290",",,W","  290",",,W","11.2",",,W","14.8",",,W",,,,,,,,,,,,,,,,
"USW00014739","BOSTON, MA US","42.3606","-71.0097","3.7","2019-11-14","3.1",",,W",,,"0.0",",,W,2400","0.0",",,W",,,"-0.9","H,,S","5.6",",,W","-4.9",",,W","  180",",,W","  190",",,W","5.8",",,W","6.7",",,W",,,,,,,,,,,,,,,,
"USW00014739","BOSTON, MA US","42.3606","-71.0097","3.7","2019-11-15","5.8",",,W",,,"0.0",",,W,2400","0.0",",,W",,,"6.4","H,,S","12.2",",,W","2.2",",,W","  280",",,W","  270",",,W","9.8",",,W","13.4",",,W",,,,,,,,,,,,,,,,
"USW00014739","BOSTON, MA US","42.3606","-71.0097","3.7","2019-11-16","6.0",",,W",,,"0.0",",,W,2400","0.0",",,W",,,"2.6","H,,S","6.1",",,W","-2.1",",,W","  340",",,W","  340",",,W","10.7",",,W","14.8",",,W",,,,,,,,,,,,,,,,
"USW00014739","BOSTON, MA US","42.3606","-71.0097","3.7","2019-11-17","6.0",",,W",,,"0.0","T,,W,2400","0.0",",,W",,,"0.1","H,,S","7.2",",,W","-2.7",",,W","   60",",,W","   60",",,W","9.8",",,W","11.6",",,W",,,,,,,,,,,,,,,,
"USW00014739","BOSTON, MA US","42.3606","-71.0097","3.7","2019-11-18","6.3",",,W",,,"6.1",",,W,2400","0.0",",,W",,,"4.2","H,,S","5.0",",,W","2.2",",,W","  360",",,W","   10",",,W","9.4",",,W","12.5",",,W","    1",",,W",,,,,,,,,,,"    1",",,W",,
"USW00014739","BOSTON, MA US","42.3606","-71.0097","3.7","2019-11-19","2.2",",,W",,,"6.1",",,W,2400","0.0",",,W",,,"5.6","H,,S","7.2",",,W","5.0",",,W","  360",",,W","  360",",,W","5.8",",,W","6.3",",,W","    1",",,W",,,,,,,,,,,"    1",",,W",,
"USW00014739","BOSTON, MA US","42.3606","-71.0097","3.7","2019-11-20","4.7",",,W",,,"5.8",",,W,2400","0.0",",,W",,,"5.1","H,,S","5.6",",,W","3.9",",,W","  320",",,W","  310",",,W","6.7",",,W","8.9",",,W","    1",",,W",,,,,,,,,,,"    1",",,W",,
"USW00014739","BOSTON, MA US","42.3606","-71.0097","3.7","2019-11-21","3.8",",,W",,,"0.0",",,W,2400","0.0",",,W",,,"5.6","H,,S","10.6",",,W","2.2",",,W","  310",",,W","  310",",,W","6.7",",,W","9.4",",,W",,,,,,,,,,,,,,,,
"USW00014739","BOSTON, MA US","42.3606","-71.0097","3.7","2019-11-22","7.0",",,W",,,"2.3",",,W,2400","0.0",",,W",,,"8.7","H,,S","13.3",",,W","3.9",",,W","  300",",,W","  290",",,W","11.6",",,W","16.5",",,W",,,,,,,,,,,,,,,,
"USW00014739","BOSTON, MA US","42.3606","-71.0097","3.7","2019-11-23","4.4",",,W",,,"0.0",",,W,2400","0.0",",,W",,,"4.9","H,,S","8.9",",,W","1.7",",,W","  290",",,W","  290",",,W","9.4",",,W","12.1",",,W",,,,,,,,,,,,,,,,
"USW00014739","BOSTON, MA US","42.3606","-71.0097","3.7","2019-11-24","7.3",",,W",,,"38.4",",,W,2400","0.0",",,W",,,"6.1","H,,S","8.9",",,W","4.4",",,W","   20",",,W","   10",",,W","15.7",",,W","18.8",",,W","    1",",,W",,,"    1",",,W",,,,,,,,,,
"USW00014739","BOSTON, MA US","42.3606","-71.0097","3.7","2019-11-25","4.9",",,W",,,"0.0",",,W,2400","0.0",",,W",,,"7.8","H,,S","12.2",",,W","5.0",",,W","  280",",,W","  270",",,W","9.8",",,W","12.5",",,W",,,,,,,,,,,,,,,,
"USW00014739","BOSTON, MA US","42.3606","-71.0097","3.7","2019-11-26","4.1",",,W",,,"0.0",",,W,2400","0.0",",,W",,,"9.8","H,,S","17.2",",,W","4.4",",,W","  230",",,W","  220",",,W","10.3",",,W","12.5",",,W","    1",",,W",,,,,,,,,,,"    1",",,W",,
"USW00014739","BOSTON, MA US","42.3606","-71.0097","3.7","2019-11-27","2.8",",,W",,,"5.1",",,W,2400","0.0",",,W",,,"8.9","H,,S","12.2",",,W","4.4",",,W","  250",",,W","  250",",,W","9.4",",,W","13.4",",,W","    1",",,W","    1",",,W",,,,,,,,,"    1",",,W",,
"USW00014739","BOSTON, MA US","42.3606","-71.0097","3.7","2019-11-28","8.7",",,W",,,"3.6",",,W,2400","0.0",",,W",,,"8.4","H,,S","11.7",",,W","1.7",",,W","  320",",,W","  330",",,W","13.0",",,W","17.4",",,W",,,,,,,,,,,,,,,,
"USW00014739","BOSTON, MA US","42.3606","-71.0097","3.7","2019-11-29","7.9",",,W",,,"0.0",",,W,2400","0.0",",,W",,,"2.9","H,,S","6.7",",,W","-0.5",",,W","  320",",,W","  320",",,W","11.6",",,W","15.7",",,W",,,,,,,,,,,,,,,,
"USW00014739","BOSTON, MA US","42.3606","-71.0097","3.7","2019-11-30","7.2",",,W",,,"0.0",",,W,2400","0.0",",,W",,,"0.5","H,,S","3.9",",,W","-3.2",",,W","  320",",,W","  330",",,W","10.3",",,W","14.3",",,W",,,,,,,,,,,,,,,,
"USW00014739","BOSTON, MA US","42.3606","-71.0097","3.7","2019-12-01","4.9",",,W",,,"15.7",",,W,2400","30.0",",,W",,,"-1.9","H,,S","3.9",",,W","-5.5",",,W","   60",",,W","   70",",,W","12.5",",,W","14.8",",,W","    1",",,W",,,,,,,,,,,,,,
"USW00014739","BOSTON, MA US","42.3606","-71.0097","3.7","2019-12-02","10.8",",,W",,,"10.9",",,W,2400","28.0",",,W",,,"3.8","H,,S","5.6",",,W","-1.6",",,W","   60",",,W","   60",",,W","16.1",",,W","19.7",",,W","    1",",,W",,,,,,,,,,,,,,
"USW00014739","BOSTON, MA US","42.3606","-71.0097","3.7","2019-12-03","7.0",",,W",,,"9.7",",,W,2400","122.0",",,W",,,"-0.2","H,,S","2.2",",,W","-1.0",",,W","  350",",,W","  320",",,W","11.2",",,W","14.3",",,W","    1",",,W",,,,,,,,,,,,,,
"USW00014739","BOSTON, MA US","42.3606","-71.0097","3.7","2019-12-04","4.3",",,W",,,"0.0",",,W,2400","0.0",",,W",,,"1.2","H,,S","5.0",",,W","-1.6",",,W","  280",",,W","  280",",,W","7.2",",,W","10.7",",,W",,,,,,,,,,,,,,,,
"USW00014739","BOSTON, MA US","42.3606","-71.0097","3.7","2019-12-05","6.0",",,W",,,"0.0",",,D,2400","0.0",",,D",,,"4.3","H,,S","7.2",",,D","0.0",",,D","  290",",,W","  290",",,W","10.3",",,W","13.4",",,W",,,,,,,,,,,,,,,,
"USW00014739","BOSTON, MA US","42.3606","-71.0097","3.7","2019-12-06","4.1",",,W",,,"1.0",",,D,2400","5.0",",,D",,,"0.9","H,,S","3.3",",,D","-1.7",",,D","  290",",,W","  290",",,W","9.8",",,W","13.0",",,W","    1",",,W",,,,,,,,,,,,,,
"USW00014739","BOSTON, MA US","42.3606","-71.0097","3.7","2019-12-07","5.3",",,W",,,"0.0",",,D,2400","0.0",",,D",,,"0.2","H,,S","1.7",",,D","-2.8",",,D","  320",",,W","  310",",,W","8.1",",,W","10.7",",,W",,,,,,,,,,,,,,,,
"USW00014739","BOSTON, MA US","42.3606","-71.0097","3.7","2019-12-08","4.3",",,W",,,"0.0",",,D,2400","0.0",",,D",,,"-1.4","H,,S","5.0",",,D","-5.0",",,D","  210",",,W","  200",",,W","8.1",",,W","11.2",",,W",,,,,,,,,,,,,,,,
"USW00014739","BOSTON, MA US","42.3606","-71.0097","3.7","2019-12-09","6.2",",,W",,,"14.0",",,D,2400","0.0",",,D",,,"7.5","H,,S","16.1",",,D","5.0",",,D","  190",",,W","  180",",,W","13.0",",,W","18.3",",,W","    1",",,W","    1",",,W",,,,,,,,,"    1",",,W",,
"USW00014739","BOSTON, MA US","42.3606","-71.0097","3.7","2019-12-10","7.0",",,W",,,"4.8",",,D,2400","0.0",",,D",,,"15.0","H,,S","17.2",",,D","5.6",",,D","  290",",,W","  290",",,W","12.5",",,W","16.5",",,W",,,,,,,,,,,,,,,,
"USW00014739","BOSTON, MA US","42.3606","-71.0097","3.7","2019-12-11","4.9",",,W",,,"5.3",",,D,2400","71.0",",,D",,,"3.4","H,,S","5.6",",,D","-1.1",",,D","  330",",,W","  320",",,W","9.8",",,W","13.0",",,W","    1",",,W",,,,,,,,,,,"    1",",,W",,
"USW00014739","BOSTON, MA US","42.3606","-71.0097","3.7","2019-12-12","4.5",",,W",,,"0.0",",,D,2400","0.0",",,D",,,"-0.9","H,,S","0.6",",,D","-3.3",",,D","  290",",,W","  290",",,W","10.7",",,W","14.3",",,W",,,,,,,,,,,,,,,,
"USW00014739","BOSTON, MA US","42.3606","-71.0097","3.7","2019-12-13","3.1",",,W",,,"2.5",",,D,2400","0.0",",,D",,,"1.6","H,,S","8.3",",,D","-2.2",",,D","  170",",,W","  150",",,W","5.8",",,W","9.4",",,W","    1",",,W",,,,,,,,,,,,,,
"USW00014739","BOSTON, MA US","42.3606","-71.0097","3.7","2019-12-14","5.6",",,W",,,"31.8",",,D,2400","0.0",",,D",,,"10.5","H,,S","15.6",",,D","8.3",",,D","  230",",,W","  240",",,W","13.0",",,W","16.5",",,W","    1",",,W","    1",",,W",,,,,,,,,"    1",",,W",,
"USW00014739","BOSTON, MA US","42.3606","-71.0097","3.7","2019-12-15","10.2",",,W",,,"0.0",",,D,2400","0.0",",,D",,,"9.7","H,,S","12.8",",,D","1.1",",,D","  270",",,W","  270",",,W","14.8",",,W","20.6",",,W",,,,,,,,,,,,,,,,
"USW00014739","BOSTON, MA US","42.3606","-71.0097","3.7","2019-12-16","5.1",",,W",,,"0.0",",,D,2400","0.0",",,D",,,"1.2","H,,S","1.7",",,D","0.0",",,D","  270",",,W","  300",",,W","9.8",",,W","13.0",",,W",,,,,,,,,,,,,,,,
"USW00014739","BOSTON, MA US","42.3606","-71.0097","3.7","2019-12-17","4.3",",,W",,,"16.5",",,D,2400","33.0",",,D",,,"-0.3","H,,S","3.3",",,D","-2.8",",,D","  340",",,W","  340",",,W","8.1",",,W","10.3",",,W","    1",",,W",,,,,"    1",",,W",,,"    1",",,W",,,,
"USW00014739","BOSTON, MA US","42.3606","-71.0097","3.7","2019-12-18","6.4",",,W",,,"0.0","T,,D,2400","3.0",",,D",,,"1.1","H,,S","3.3",",,D","-4.4",",,D","  290",",,W","  290",",,W","13.9",",,W","19.2",",,W",,,,,,,,,,,,,,,,
"USW00014739","BOSTON, MA US","42.3606","-71.0097","3.7","2019-12-19","8.8",",,W",,,"0.0",",,D,2400","0.0",",,D",,,"-5.3","H,,S","-2.8",",,D","-9.4",",,D","  300",",,W","  290",",,W","13.9",",,W","18.8",",,W",,,,,,,,,,,,,,,,
"USW00014739","BOSTON, MA US","42.3606","-71.0097","3.7","2019-12-20","5.9",",,W",,,"0.0",",,D,2400","0.0",",,D",,,"-4.9","H,,S","0.6",",,D","-8.3",",,D","  320",",,W","  310",",,W","10.3",",,W","13.4",",,W",,,,,,,,,,,,,,,,
"USW00014739","BOSTON, MA US","42.3606","-71.0097","3.7","2019-12-21","2.3",",,W",,,"0.0",",,D,2400","0.0",",,D",,,"-2.5","H,,S","1.7",",,D","-5.6",",,D","  220",",,W","  220",",,W","4.5",",,W","6.7",",,W",,,,,,,,,,,,,,,,
"USW00014739","BOSTON, MA US","42.3606","-71.0097","3.7","2019-12-22","4.4",",,W",,,"0.0",",,D,2400","0.0",",,D",,,"2.3","H,,S","7.2",",,D","-1.1",",,D","  230",",,W","  270",",,W","7.6",",,W","9.8",",,W",,,,,,,,,,,,,,,,
"USW00014739","BOSTON, MA US","42.3606","-71.0097","3.7","2019-12-23","5.1",",,W",,,"0.0",",,D,2400","0.0",",,D",,,"6.4","H,,S","13.9",",,D","1.7",",,D","  250",",,W","  250",",,W","10.3",",,W","13.9",",,W",,,,,,,,,,,,,,,,
"USW00014739","BOSTON, MA US","42.3606","-71.0097","3.7","2019-12-24","4.3",",,W",,,"0.0",",,D,2400","0.0",",,D",,,"7.5","H,,S","10.0",",,D","1.7",",,D","  320",",,W","  310",",,W","8.9",",,W","11.6",",,W",,,,,,,,,,,,,,,,
"USW00014739","BOSTON, MA US","42.3606","-71.0097","3.7","2019-12-25","2.1",",,W",,,"0.0",",,D,2400","0.0",",,D",,,"2.6","H,,S","5.6",",,D","0.0",",,D","  110",",,W","  330",",,W","4.0",",,W","5.4",",,W",,,,,,,,,,,,,,,,
"USW00014739","BOSTON, MA US","42.3606","-71.0097","3.7","2019-12-26","3.1",",,W",,,"0.0",",,D,2400","0.0",",,D",,,"2.6","H,,S","5.0",",,D","1.1",",,D","   50",",,W","   50",",,W","8.9",",,W","10.3",",,W",,,,,,,,,,,,,,,,
"USW00014739","BOSTON, MA US","42.3606","-71.0097","3.7","2019-12-27","5.1",",,W",,,"0.3",",,D,2400","0.0",",,D",,,"4.9","H,,S","11.1",",,D","2.2",",,D","  210",",,W","  210",",,W","8.9",",,W","12.1",",,W",,,,,,,,,,,,,,,,
"USW00014739","BOSTON, MA US","42.3606","-71.0097","3.7","2019-12-28","4.9",",,W",,,"0.0",",,D,2400","0.0",",,D",,,"9.1","H,,S","10.6",",,D","3.3",",,D","  320",",,W","  320",",,W","9.4",",,W","11.2",",,W",,,,,,,,,,,,,,,,
"USW00014739","BOSTON, MA US","42.3606","-71.0097","3.7","2019-12-29","3.2",",,W",,,"2.0",",,D,2400","0.0",",,D",,,"4.2","H,,S","6.7",",,D","2.2",",,D","  290",",,W","  290",",,W","7.2",",,W","9.8",",,W",,,,,,,,,,,,,,,,
"USW00014739","BOSTON, MA US","42.3606","-71.0097","3.7","2019-12-30","9.3",",,W",,,"32.8",",,D,2400","0.0","T,,D","0.0",",,D","3.6","H,,S","5.0",",,D","2.2",",,D","   80",",,W","   90",",,W","15.7",",,W","17.9",",,W","    1",",,W",,,"    1",",,W","    1",",,W",,,,,"    1",",,W",,
"USW00014739","BOSTON, MA US","42.3606","-71.0097","3.7","2019-12-31","6.0",",,W",,,"6.9",",,D,2400","0.0",",,D",,,"4.6","H,,S","6.7",",,D","2.8",",,D","   80",",,W","   90",",,W","11.2",",,W","13.4",",,W","    1",",,W",,,,,,,,,,,"    1",",,W",,
"USW00014739","BOSTON, MA US","42.3606","-71.0097","3.7","2020-01-01","6.9",",,W",,,"0.0",",,D,2400","0.0",",,D",,,"4.1","H,,S","6.1",",,D","2.2",",,D","  260",",,W","  250",",,W","13.0",",,W","18.8",",,W",,,,,,,,,,,,,,,,
"USW00014739","BOSTON, MA US","42.3606","-71.0097","3.7","2020-01-02","5.6",",,W",,,"0.0",",,D,2400","0.0",",,D",,,"4.2","H,,S","9.4",",,D","1.1",",,D","  280",",,W","  250",",,W","9.4",",,W","12.5",",,W",,,,,,,,,,,,,,,,
"USW00014739","BOSTON, MA US","42.3606","-71.0097","3.7","2020-01-03","3.2",",,W",,,"0.0",",,D,2400","0.0",",,D",,,"8.2","H,,S","11.1",",,D","6.7",",,D","  230",",,W","  230",",,W","7.6",",,W","9.4",",,W",,,,,,,,,,,,,,,,
"USW00014739","BOSTON, MA US","42.3606","-71.0097","3.7","2020-01-04","2.4",",,W",,,"3.3",",,D,2400","0.0",",,D",,,"8.1","H,,S","8.9",",,D","4.4",",,D","  350",",,W","  360",",,W","6.3",",,W","8.1",",,W","    1",",,W",,,,,,,,,,,"    1",",,W",,
"USW00014739","BOSTON, MA US","42.3606","-71.0097","3.7","2020-01-05","7.4",",,W",,,"2.8",",,D,2400","0.0","T,,D",,,"3.9","H,,S","5.0",",,D","0.0",",,D","  310",",,W","  320",",,W","13.9",",,W","18.3",",,W",,,,,,,,,,,,,,,,
"USW00014739","BOSTON, MA US","42.3606","-71.0097","3.7","2020-01-06","3.0",",,W",,,"0.0","T,,D,2400","0.0","T,,D",,,"0.4","H,,S","5.0",",,D","-2.8",",,D","  250",",,W","  240",",,W","9.4",",,W","13.4",",,W",,,,,,,,,,,,,,,,
"USW00014739","BOSTON, MA US","42.3606","-71.0097","3.7","2020-01-07","4.1",",,W",,,"0.0","T,,D,2400","0.0","T,,D",,,"3.2","H,,S","5.6",",,D","0.6",",,D","  270",",,W","  260",",,W","9.8",",,W","11.6",",,W",,,,,,,,,,,,,,,,
"USW00014739","BOSTON, MA US","42.3606","-71.0097","3.7","2020-01-08","6.3",",,W",,,"0.5",",,D,2400","3.0",",,D",,,"3.4","H,,S","7.2",",,D","-1.7",",,D","  280",",,W","  280",",,W","13.4",",,W","17.9",",,W",,,,,,,,,,,,,,,,
"USW00014739","BOSTON, MA US","42.3606","-71.0097","3.7","2020-01-09","5.9",",,W",,,"0.0",",,D,2400","0.0",",,D",,,"-1.6","H,,S","0.6",",,D","-5.6",",,D","  300",",,W","  300",",,W","11.6",",,W","16.1",",,W",,,,,,,,,,,,,,,,
"USW00014739","BOSTON, MA US","42.3606","-71.0097","3.7","2020-01-10","6.2",",,W",,,"0.0",",,D,2400","0.0",",,D",,,"3.2","H,,S","11.7",",,D","-1.7",",,D","  230",",,W","  240",",,W","13.0",",,W","16.1",",,W",,,,,,,,,,,,,,,,
"USW00014739","BOSTON, MA US","42.3606","-71.0097","3.7","2020-01-11","8.1",",,W",,,"0.0",",,D,2400","0.0",",,D",,,"13.9","H,,S","21.1",",,D","9.4",",,D","  230",",,W","  200",",,W","17.4",",,W","21.5",",,W",,,,,,,,,,,,,,,,
"USW00014739","BOSTON, MA US","42.3606","-71.0097","3.7","2020-01-12","9.3",",,W",,,"0.5",",,D,2400","0.0",",,D",,,"18.7","H,,S","23.3",",,D","4.4",",,D","  210",",,W","  220",",,W","16.1",",,W","19.7",",,W","    1",",,W",,,,,,,,,,,"    1",",,W",,
"USW00014739","BOSTON, MA US","42.3606","-71.0097","3.7","2020-01-13","4.1",",,W",,,"0.3",",,D,2400","0.0","T,,D",,,"5.1","H,,S","6.1",",,D","2.2",",,D","   20",",,W","   20",",,W","7.6",",,W","9.4",",,W","    1",",,W",,,,,,,,,,,"    1",",,W",,
"USW00014739","BOSTON, MA US","42.3606","-71.0097","3.7","2020-01-14","2.5",",,W",,,"0.0","T,,D,2400","0.0",",,D",,,"3.9","H,,S","5.6",",,D","2.8",",,D","   70",",,W","  330",",,W","4.0",",,W","5.4",",,W",,,,,,,,,,,,,,,,
"USW00014739","BOSTON, MA US","42.3606","-71.0097","3.7","2020-01-15","3.8",",,W",,,"0.0","T,,D,2400","0.0",",,D",,,"6.9","H,,S","11.1",",,D","3.9",",,D","  280",",,W","  290",",,W","8.1",",,W","10.3",",,W",,,,,,,,,,,,,,,,
"USW00014739","BOSTON, MA US","42.3606","-71.0097","3.7","2020-01-16","6.8",",,W",,,"2.5",",,D,2400","0.0",",,D",,,"5.5","H,,S","8.3",",,D","-1.1",",,D","  310",",,W","  320",",,W","14.8",",,W","19.7",",,W","    1",",,W",,,,,,,,,,,"    1",",,W",,
"USW00014739","BOSTON, MA US","42.3606","-71.0097","3.7","2020-01-17","9.0",",,W",,,"0.0",",,D,2400","0.0",",,D",,,"-4.1","H,,S","-1.1",",,D","-8.9",",,D","  310",",,W","  320",",,W","13.9",",,W","18.8",",,W",,,,,,,,,,,,,,,,
"USW00014739","BOSTON, MA US","42.3606","-71.0097","3.7","2020-01-18","3.9",",,W",,,"7.1",",,D,2400","76.0",",,D",,,"-7.7","H,,S","0.6",",,D","-10.0",",,D","  320",",,W","  310",",,W","8.9",",,W","10.7",",,W","    1",",,W",,,,,,,,,,,,,,
"USW00014739","BOSTON, MA US","42.3606","-71.0097","3.7","2020-01-19","6.0",",,W",,,"0.5",",,D,2400","0.0","T,,D",,,"0.7","H,,S","7.2",",,D","-4.4",",,D","  280",",,W","  260",",,W","11.2",",,W","14.8",",,W","    1",",,W",,,,,,,,,"    1",",,W","    1",",,W",,
"USW00014739","BOSTON, MA US","42.3606","-71.0097","3.7","2020-01-20","6.2",",,W",,,"0.0",",,D,2400","0.0",",,D",,,"-3.4","H,,S","-1.1",",,D","-7.2",",,D","  320",",,W","  330",",,W","10.3",",,W","13.0",",,W",,,,,,,,,,,,,,,,
"USW00014739","BOSTON, MA US","42.3606","-71.0097","3.7","2020-01-21","3.4",",,W",,,"0.0",",,D,2400","0.0",",,D",,,"-4.9","H,,S","-2.2",",,D","-7.8",",,D","  330",",,W","  320",",,W","8.1",",,W","10.3",",,W",,,,,,,,,,,,,,,,
"USW00014739","BOSTON, MA US","42.3606","-71.0097","3.7","2020-01-22","2.2",",,W",,,"0.0",",,D,2400","0.0",",,D",,,"-1.9","H,,S","3.9",",,D","-6.7",",,D","  220",",,W","  250",",,W","5.8",",,W","6.7",",,W",,,,,,,,,,,,,,,,
"USW00014739","BOSTON, MA US","42.3606","-71.0097","3.7","2020-01-23","3.3",",,W",,,"0.0",",,D,2400","0.0",",,D",,,"2.2","H,,S","10.0",",,D","-3.3",",,D","  220",",,W","  220",",,W","7.2",",,W","8.5",",,W",,,,,,,,,,,,,,,,
"USW00014739","BOSTON, MA US","42.3606","-71.0097","3.7","2020-01-24","3.1",",,W",,,"0.0",",,D,2400","0.0",",,D",,,"4.9","H,,S","8.9",",,D","1.1",",,D","   40",",,W","   30",",,W","6.3",",,W","7.2",",,W",,,,,,,,,,,,,,,,
"USW00014739","BOSTON, MA US","42.3606","-71.0097","3.7","2020-01-25","6.3",",,W",,,"17.8",",,D,2400","0.0",",,D",,,"5.7","H,,S","10.0",",,W","4.4",",,W","  100",",,W","  110",",,W","12.5",",,W","17.0",",,W","    1",",,W",,,,,,,,,,,"    1",",,W",,
"USW00014739","BOSTON, MA US","42.3606","-71.0097","3.7","2020-01-26","5.6",",,W",,,"0.0",",,D,2400","0.0",",,D",,,"8.4","H,,S","10.6",",,D","4.4",",,D","  260",",,W","  270",",,W","10.3",",,W","13.0",",,W",,,,,,,,,,,,,,,,
"USW00014739","BOSTON, MA US","42.3606","-71.0097","3.7","2020-01-27","5.5",",,W",,,"0.0",",,D,2400","0.0",",,D",,,"5.7","H,,S","8.9",",,D","3.9",",,D","  300",",,W","  300",",,W","9.4",",,W","11.2",",,W",,,,,,,,,,,,,,,,
"USW00014739","BOSTON, MA US","42.3606","-71.0097","3.7","2020-01-28","5.8",",,W",,,"0.0",",,D,2400","0.0",",,D",,,"5.0","H,,S","5.6",",,D","2.2",",,D","  320",",,W","  330",",,W","8.9",",,W","10.7",",,W",,,,,,,,,,,,,,,,
"USW00014739","BOSTON, MA US","42.3606","-71.0097","3.7","2020-01-29","4.7",",,W",,,"0.0",",,D,2400","0.0",",,D",,,"2.6","H,,S","6.1",",,D","-1.7",",,D","  310",",,W","  320",",,W","7.6",",,W","10.3",",,W",,,,,,,,,,,,,,,,
"USW00014739","BOSTON, MA US","42.3606","-71.0097","3.7","2020-01-30","3.4",",,W",,,"0.0",",,D,2400","0.0",",,D",,,"-1.7","H,,S","0.6",",,D","-5.6",",,D","  350",",,W","  330",",,W","6.3",",,W","8.1",",,W",,,,,,,,,,,,,,,,
"USW00014739","BOSTON, MA US","42.3606","-71.0097","3.7","2020-01-31","4.0",",,W",,,"0.0",",,D,2400","0.0",",,D",,,"1.7","H,,S","8.3",",,D","-1.7",",,D","  230",",,W","  260",",,W","7.2",",,W","9.8",",,W",,,,,,,,,,,,,,,,
"USW00014739","BOSTON, MA US","42.3606","-71.0097","3.7","2020-02-01","2.0",",,W",,,"0.5",",,D,2400","0.0","T,,D",,,"3.5","H,,S","5.0",",,D","1.1",",,D","  330",",,W","  340",",,W","4.0",",,W","4.5",",,W","    1",",,W",,,,,,,,,,,"    1",",,W",,
"USW00014739","BOSTON, MA US","42.3606","-71.0097","3.7","2020-02-02","3.1",",,W",,,"0.0",",,D,2400","0.0",",,D",,,"4.0","H,,S","6.7",",,D","2.2",",,D","  270",",,W","  310",",,W","6.7",",,W","9.4",",,W",,,,,,,,,,,,,,,,
"USW00014739","BOSTON, MA US","42.3606","-71.0097","3.7","2020-02-03","4.3",",,W",,,"0.0",",,D,2400","0.0",",,D",,,"5.2","H,,S","10.0",",,D","1.7",",,D","  260",",,W","  260",",,W","9.4",",,W","11.6",",,W",,,,,,,,,,,,,,,,
"USW00014739","BOSTON, MA US","42.3606","-71.0097","3.7","2020-02-04","1.4",",,W",,,"0.0",",,D,2400","0.0",",,D",,,"5.6","H,,S","8.3",",,D","1.7",",,D","  190",",,W","  190",",,W","5.8",",,W","6.3",",,W",,,,,,,,,,,,,,,,
"USW00014739","BOSTON, MA US","42.3606","-71.0097","3.7","2020-02-05",,,,,"1.3",",,D,2400","0.0","T,,D",,,"5.3","H,,S","6.1",",,D","0.6",",,D",,,,,,,,,,,,,,,,,,,,,,,,
